Date,Venue Name,Venue Location,Set List,Performers
01/28/1987,San Francisco Civic Auditorium,"San Francisco, CA","Set 1: Shakedown Street, Get Back, Peggy O, Walkin' Blues, It Must Have Been The Roses, It's All Over Now, Row Jimmy, My Brother Esau, Bird Song, Jack Straw; Set 2: When Push Comes To Shove, Samson And Delilah, Black Muddy River, He's Gone, Spoonful, Drums, Eyes Of The World, Black Peter, Around And Around, Sugar Magnolia; Set 3: U.S. Blues",Grateful Dead
01/29/1987,San Francisco Civic Auditorium,"San Francisco, CA",,Grateful Dead
01/30/1987,San Francisco Civic Auditorium,"San Francisco, CA","Set 1: Touch Of Grey, New Minglewood Blues, Candyman, Me And My Uncle, Mexicali Blues, When Push Comes To Shove, Beat It On Down The Line, The Promised Land, China Cat Sunflower, I Know You Rider; Set 2: Iko Iko, Man Smart (Woman Smarter), Ship Of Fools, Estimated Prophet, Truckin', Drums, The Other One, Wharf Rat, Throwing Stones, Not Fade Away; Set 3: Not Fade Away, Brokedown Palace",Grateful Dead
03/01/1987,Henry J. Kaiser Convention Center,"Oakland, CA","Set 1: Touch Of Grey > Little Red Rooster, Peggy O, Me And My Uncle > Mexicali Blues, When Push Comes To Shove, It's All Over Now, Row Jimmy > Let It Grow; Set 2: Hell In A Bucket, Scarlet Begonias > Fire On The Mountain, Samson And Delilah, Black Muddy River, He's Gone > Drums > Space > The Other One > Black Peter > Around And Around > Good Lovin'; Set 3: Don't Ease Me In",Grateful Dead
03/02/1987,Henry J. Kaiser Convention Center,"Oakland, CA","Set 1: Funiculi Funicula, Jack Straw, Althea, C.C. Rider, Bird Song, Beat It On Down The Line, Ramble On Rose, Feel Like A Stranger; Set 2: China Cat Sunflower, I Know You Rider, Man Smart (Woman Smarter), Ship Of Fools, Estimated Prophet, Eyes Of The World, Drums, Truckin', Morning Dew; Set 3: Johnny B. Goode",Grateful Dead
03/03/1987,Henry J. Kaiser Convention Center,"Oakland, CA","Set 1: The Mighty Quinn (Quinn The Eskimo), Greatest Story Ever Told, Loser, New Minglewood Blues, Tons Of Steel, Cassidy, Mississippi Half Step Uptown Toodeloo, The Promised Land; Set 2: Iko Iko, Saint Of Circumstance, Terrapin Station, Drums, Gimme Some Lovin', Wharf Rat, Throwing Stones, Touch Of Grey; Set 3: Brokedown Palace",Grateful Dead
03/22/1987,Hampton Coliseum,"Hampton, VA","Set 1: Hell In A Bucket > Sugaree, It's All Over Now, West L.A. Fadeaway, El Paso, When Push Comes To Shove, Cassidy, Deal; Set 2: Sugar Magnolia > Scarlet Begonias > Fire On The Mountain, Estimated Prophet > Drums > Space > The Wheel > Black Peter > Sunshine Daydream; Set 3: It's All Over Now, Baby Blue",Grateful Dead
03/23/1987,Hampton Coliseum,"Hampton, VA","Set 1: Touch Of Grey, Little Red Rooster, Althea, Me And My Uncle, Big River, Iko Iko, Tons Of Steel, Feel Like A Stranger, Don't Ease Me In; Set 2: Box Of Rain, Man Smart (Woman Smarter), Ship Of Fools, Truckin', Drums, The Other One, Stella Blue, Throwing Stones, Turn On Your Lovelight; Set 3: U.S. Blues",Grateful Dead
03/24/1987,Hampton Coliseum,"Hampton, VA","Set 1: Jack Straw, Candyman, New Minglewood Blues, Loser, Mama Tried, Mexicali Blues, Ramble On Rose, Let It Grow; Set 2: Gimme Some Lovin', Black Muddy River, Playing In The Band, Terrapin Station, Drums, Dear Mr. Fantasy, Wharf Rat, Not Fade Away; Set 3: Brokedown Palace",Grateful Dead
03/26/1987,Hartford Civic Center,"Hartford, CT","Set 1: In The Midnight Hour, Cold Rain And Snow, C.C. Rider, Row Jimmy, My Brother Esau, When Push Comes To Shove, Desolation Row, Bird Song, The Promised Land; Set 2: China Cat Sunflower, I Know You Rider, Looks Like Rain, He's Gone, Drums, I Need A Miracle, Black Peter, Around And Around, Good Lovin'; Set 3: The Mighty Quinn (Quinn The Eskimo)",Grateful Dead
03/27/1987,Hartford Civic Center,"Hartford, CT","Set 1: Alabama Getaway, Greatest Story Ever Told, West L.A. Fadeaway, Little Red Rooster, Brown Eyed Women, Beat It On Down The Line, Tennessee Jed, The Music Never Stopped; Set 2: Touch Of Grey, Samson And Delilah, Cumberland Blues, Estimated Prophet, Eyes Of The World, Drums, Uncle John's Band, Morning Dew; Set 3: Johnny B. Goode",Grateful Dead
03/29/1987,The Spectrum,"Philadelphia, PA","Set 1: Hell In A Bucket, Bertha, Little Red Rooster, Far From Me, Friend Of The Devil, El Paso, When Push Comes To Shove, Let It Grow; Set 2: Mississippi Half Step Uptown Toodeloo, Playing In The Band, China Doll, Man Smart (Woman Smarter), Drums, The Wheel, Goin' Down The Road Feeling Bad, Black Muddy River, Sugar Magnolia; Set 3: The Mighty Quinn (Quinn The Eskimo)",Grateful Dead
03/30/1987,The Spectrum,"Philadelphia, PA","Set 1: Shakedown Street, It's All Over Now, Stagger Lee, Never Trust A Woman, Box Of Rain, Loser, Cassidy; Set 2: Iko Iko, Saint Of Circumstance, He's Gone, Drums, Truckin', The Other One, Wharf Rat, Throwing Stones, Not Fade Away; Set 3: It's All Over Now, Baby Blue",Grateful Dead
03/31/1987,The Spectrum,"Philadelphia, PA","Set 1: Jack Straw, Franklin's Tower, C.C. Rider, Ramble On Rose, Tons Of Steel, Mama Tried, Big River, Candyman, Desolation Row, Don't Ease Me In; Set 2: Touch Of Grey, Estimated Prophet, Terrapin Station, Drums, Uncle John's Band, I Need A Miracle, Stella Blue, Around And Around, Turn On Your Lovelight; Set 3: Brokedown Palace",Grateful Dead
04/02/1987,The Centrum,"Worcester, MA","Set 1: Cold Rain And Snow > New Minglewood Blues, Dupree's Diamond Blues, Far From Me, Me And My Uncle > Mexicali Blues, When Push Comes To Shove, Beat It On Down The Line, Bird Song > The Music Never Stopped; Set 2: Scarlet Begonias > Fire On The Mountain, Looks Like Rain, Eyes Of The World > Drums > Space > Gimme Some Lovin' > The Wheel > Black Peter > Around And Around > Good Lovin'; Set 3: Black Muddy River",Grateful Dead
04/03/1987,The Centrum,"Worcester, MA","Set 1: Hell In A Bucket, Sugaree, C.C. Rider, It Must Have Been The Roses, It's All Over Now, Big Railroad Blues, Let It Grow, Don't Ease Me In; Set 2: China Cat Sunflower, I Know You Rider, Man Smart (Woman Smarter), Crazy Fingers, Samson And Delilah, Drums, The Other One, Wharf Rat, Throwing Stones, Not Fade Away; Set 3: U.S. Blues",Grateful Dead
04/04/1987,The Centrum,"Worcester, MA","Set 1: Touch Of Grey, Greatest Story Ever Told, Althea, El Paso, Tennessee Jed, Cassidy, Never Trust A Woman, Box Of Rain, The Promised Land; Set 2: Iko Iko, Playing In The Band, Comes A Time, Willie & The Hand Jive, Drums, Truckin', Morning Dew; Set 3: One More Saturday Night",Grateful Dead
04/06/1987,Meadowlands Arena,"East Rutherford, NJ","Set 1: Dancing In The Street, Franklin's Tower, Little Red Rooster, Peggy O, Me And My Uncle, Mexicali Blues, When Push Comes To Shove, Jack Straw, Deal; Set 2: Feel Like A Stranger, Cumberland Blues, Tons Of Steel, Saint Of Circumstance, Drums, Terrapin Station, The Other One, Stella Blue, Sugar Magnolia; Set 3: Black Muddy River",Grateful Dead
04/07/1987,Meadowlands Arena,"East Rutherford, NJ","Set 1: Touch Of Grey, New Minglewood Blues, Friend Of The Devil, Beat It On Down The Line, Stagger Lee, Mama Tried, Big River, West L.A. Fadeaway, Hell In A Bucket, Don't Ease Me In; Set 2: Box Of Rain, I Need A Miracle, Bertha, Ship Of Fools, Man Smart (Woman Smarter), Drums, Gimme Some Lovin', Morning Dew, Throwing Stones, Not Fade Away; Set 3: The Mighty Quinn (Quinn The Eskimo)",Grateful Dead
04/09/1987,UIC Pavilion,"Chicago, IL","Set 1: Greatest Story Ever Told > The Promised Land, When Push Comes To Shove, Never Trust A Woman, El Paso, Row Jimmy, My Brother Esau, Far From Me, Deal; Set 2: Scarlet Begonias > Fire On The Mountain, Playing In The Band > Uncle John's Band > Drums > Space > China Doll > Goin' Down The Road Feeling Bad > Sugar Magnolia; Set 3: U.S. Blues",Grateful Dead
04/10/1987,UIC Pavilion,"Chicago, IL","Set 1: Shakedown Street, Little Red Rooster, Candyman, Me And My Uncle, Mexicali Blues, Brown Eyed Women, Cassidy, Don't Ease Me In; Set 2: Iko Iko, Looks Like Rain, Box Of Rain, He's Gone, Drums, The Other One, Black Peter, Around And Around, Turn On Your Lovelight; Set 3: It's All Over Now, Baby Blue",Grateful Dead
04/11/1987,UIC Pavilion,"Chicago, IL","Set 1: Hell In A Bucket, Sugaree, New Minglewood Blues, Loser, Tons Of Steel, Desolation Row, Big Railroad Blues, The Music Never Stopped; Set 2: Touch Of Grey, Man Smart (Woman Smarter), Terrapin Station, Drums, Truckin', Wharf Rat, Throwing Stones, Not Fade Away; Set 3: Not Fade Away, Black Muddy River",Grateful Dead
04/17/1987,Irvine Meadows Amphitheatre,"Irvine, CA","Set 1: Cold Rain And Snow, Little Red Rooster, Friend Of The Devil, It's All Over Now, When Push Comes To Shove, Desolation Row, Deal; Set 2: Touch Of Grey, Samson And Delilah, Ship Of Fools, Estimated Prophet, Eyes Of The World, Drums, The Wheel, Truckin', Stella Blue, Around And Around, Good Lovin'; Set 3: The Mighty Quinn (Quinn The Eskimo)",Grateful Dead
04/18/1987,Irvine Meadows Amphitheatre,"Irvine, CA","Set 1: Hell In A Bucket, Sugaree, Me And My Uncle, Mexicali Blues, West L.A. Fadeaway, Far From Me, Row Jimmy, Let It Grow, Don't Ease Me In; Set 2: Iko Iko, Playing In The Band, Terrapin Station, Drums, Gimme Some Lovin', Morning Dew, Throwing Stones, Turn On Your Lovelight; Set 3: Black Muddy River",Grateful Dead
04/19/1987,Irvine Meadows Amphitheatre,"Irvine, CA","Set 1: Mississippi Half Step Uptown Toodeloo, Franklin's Tower, New Minglewood Blues, Ramble On Rose, Tons Of Steel, Box Of Rain, Cassidy, Alabama Getaway, The Promised Land; Set 2: China Cat Sunflower, I Know You Rider, Man Smart (Woman Smarter), Black Muddy River, I Need A Miracle, Cumberland Blues, Drums, The Other One, Wharf Rat, Not Fade Away; Set 3: Not Fade Away, Brokedown Palace",Grateful Dead
05/02/1987,Frost Amphitheatre,"Palo Alto, CA","Set 1: Hell In A Bucket, West L.A. Fadeaway, Beat It On Down The Line, Stagger Lee, Little Red Rooster, Dire Wolf, Far From Me, Jack Straw, When Push Comes To Shove, One More Saturday Night; Set 2: China Cat Sunflower, I Know You Rider, Playing In The Band, Terrapin Station, Drums, Truckin', Morning Dew, Around And Around, Turn On Your Lovelight; Set 3: Black Muddy River",Grateful Dead
05/03/1987,Frost Amphitheatre,"Palo Alto, CA","Set 1: Touch Of Grey, The Promised Land, Row Jimmy, Peggy O, Never Trust A Woman, Cassidy, Don't Ease Me In; Set 2: Iko Iko, Feel Like A Stranger, Ship Of Fools, Estimated Prophet, Drums, The Other One, Black Peter, Throwing Stones, Not Fade Away; Set 3: Not Fade Away, The Mighty Quinn (Quinn The Eskimo)",Grateful Dead
05/09/1987,Laguna Seca Recreation Area,"Monterey, CA","Set 1: Sugar Magnolia, Sugaree, Me And My Uncle, Mexicali Blues, When Push Comes To Shove, Tons Of Steel, My Brother Esau, Tennessee Jed, Let It Grow; Set 2: Touch Of Grey, Looks Like Rain, He's Gone, Drums, The Wheel, The Other One, Wharf Rat, Around And Around, Sunshine Daydream; Set 3: Iko Iko",Grateful Dead
05/10/1987,Laguna Seca Recreation Area,"Monterey, CA",,Grateful Dead
06/12/1987,County Fairgrounds,"Ventura, CA","Set 1: Jack Straw, West L.A. Fadeaway, Mama Tried, Big River, Candyman, My Brother Esau, Bird Song, Desolation Row, Don't Ease Me In; Set 2: China Cat Sunflower, I Know You Rider, Far From Me, Man Smart (Woman Smarter), He's Gone, Drums, The Wheel, I Need A Miracle, Black Peter, Around And Around, Good Lovin'; Set 3: Touch Of Grey",Grateful Dead
06/13/1987,County Fairgrounds,"Ventura, CA","Set 1: Mississippi Half Step Uptown Toodeloo, Walkin' Blues, Row Jimmy, When I Paint My Masterpiece, When Push Comes To Shove, Cassidy, Friend Of The Devil, Let It Grow; Set 2: Shakedown Street, Saint Of Circumstance, Ship Of Fools, Estimated Prophet, Eyes Of The World, Drums, The Other One, Morning Dew, Sugar Magnolia; Set 3: Black Muddy River",Grateful Dead
06/14/1987,County Fairgrounds,"Ventura, CA","Set 1: Hell In A Bucket > Sugaree, Tons Of Steel, Ramble On Rose, Me And My Uncle > Mexicali Blues, Althea, Feel Like A Stranger, Might As Well; Set 2: Scarlet Begonias > Fire On The Mountain, Playing In The Band > Terrapin Station > Drums > Space > Truckin' > Wharf Rat > Throwing Stones > Not Fade Away; Set 3: The Mighty Quinn (Quinn The Eskimo)",Grateful Dead
06/19/1987,Greek Theatre,"Berkeley, CA","Set 1: Touch Of Grey, Little Red Rooster, Cold Rain And Snow, Mama Tried, Big River, Brown Eyed Women, Desolation Row, When Push Comes To Shove, The Music Never Stopped; Set 2: Bertha, Greatest Story Ever Told, It Must Have Been The Roses, Samson And Delilah, Terrapin Station, Drums, I Need A Miracle, Goin' Down The Road Feeling Bad, Stella Blue, Turn On Your Lovelight; Set 3: Black Muddy River",Grateful Dead
06/20/1987,Greek Theatre,"Berkeley, CA","Set 1: Hell In A Bucket, Franklin's Tower, New Minglewood Blues, Loser, My Brother Esau, Bird Song; Set 2: Iko Iko, Looks Like Rain, Deal, Drums, Gimme Some Lovin', All Along The Watchtower, The Wheel, The Other One, Wharf Rat, Sugar Magnolia; Set 3: One More Saturday Night",Grateful Dead
06/21/1987,Greek Theatre,"Berkeley, CA","Set 1: Alabama Getaway, The Promised Land, West L.A. Fadeaway, Walkin' Blues, Far From Me, Cumberland Blues, Mexicali Blues, Box Of Rain, Don't Ease Me In; Set 2: Man Smart (Woman Smarter), Crazy Fingers, Saint Of Circumstance, China Doll, Playing In The Band, Drums, When I Paint My Masterpiece, Black Peter, Throwing Stones, Not Fade Away; Set 3: Brokedown Palace",Grateful Dead
06/26/1987,Alpine Valley Music Theatre,"East Troy, WI","Set 1: Feel Like A Stranger, Franklin's Tower, Walkin' Blues, Row Jimmy, Tons Of Steel, When Push Comes To Shove, Cassidy, Deal; Set 2: China Cat Sunflower, I Know You Rider, Estimated Prophet, Eyes Of The World, Drums, Gimme Some Lovin', The Wheel, All Along The Watchtower, Black Peter, Around And Around, Sugar Magnolia; Set 3: Touch Of Grey",Grateful Dead
06/27/1987,Alpine Valley Music Theatre,"East Troy, WI","Set 1: Iko Iko, Greatest Story Ever Told, Stagger Lee, New Minglewood Blues, Friend Of The Devil, Just Like Tom Thumb's Blues, West L.A. Fadeaway, My Brother Esau, Tennessee Jed, Let It Grow; Set 2: Uncle John's Band, Playing In The Band, Terrapin Station, Drums, Truckin', The Other One, Wharf Rat, Turn On Your Lovelight; Set 3: Black Muddy River",Grateful Dead
06/28/1987,Alpine Valley Music Theatre,"East Troy, WI","Set 1: Hell In A Bucket, Sugaree, Me And My Uncle, Mexicali Blues, Althea, Little Red Rooster, Bird Song, Jack Straw; Set 2: Mississippi Half Step Uptown Toodeloo, Man Smart (Woman Smarter), Ship Of Fools, Saint Of Circumstance, Drums, I Need A Miracle, Morning Dew, Throwing Stones, Not Fade Away; Set 3: The Mighty Quinn (Quinn The Eskimo)",Grateful Dead
06/30/1987,Kingswood Music Theatre,"Ontario, CA","Set 1: Touch Of Grey > Greatest Story Ever Told, Loser, New Minglewood Blues, Candyman, Mama Tried > Big River, Ramble On Rose, When I Paint My Masterpiece > Don't Ease Me In; Set 2: Scarlet Begonias > Fire On The Mountain, Estimated Prophet > Eyes Of The World > Drums > Space > Spanish Jam > The Other One > China Doll > Dear Mr. Fantasy > Around And Around > Good Lovin'; Set 3: Box Of Rain",Grateful Dead
07/02/1987,Silver Stadium,"Rochester, NY","Set 1: Hell In A Bucket, Bertha, Walkin' Blues, Dire Wolf, My Brother Esau, When Push Comes To Shove, Tons Of Steel, Me And My Uncle, Mexicali Blues, Brown Eyed Women, Cassidy, Deal; Set 2: China Cat Sunflower, I Know You Rider, Samson And Delilah, Looks Like Rain, He's Gone, Drums, Goin' Down The Road Feeling Bad, All Along The Watchtower, Stella Blue, Sugar Magnolia; Set 3: Black Muddy River",Grateful Dead
07/04/1987,Sullivan Stadium,"Foxboro, MA","Set 1: Touch Of Grey, Hell In A Bucket, West L.A. Fadeaway, Tons Of Steel, Little Red Rooster, Box Of Rain, Althea; Set 2: Uncle John's Band, Playing In The Band, Drums, Truckin', The Other One, Wharf Rat, Throwing Stones; Set 3: The Times They Are A Changin', Man Of Peace, I'll Be Your Baby Tonight, John Brown, I Want You, Ballad Of A Thin Man, Stuck Inside A Mobile With The Memphis Blues Again, Queen Jane Approximately, Chimes Of Freedom, Slow Train, Joey, All Along The Watchtower; Set 4: Knockin' On Heaven's Door",Grateful Dead
07/06/1987,Pittsburgh Civic Arena,"Pittsburgh, PA","Set 1: Feel Like A Stranger, Franklin's Tower, New Minglewood Blues, Row Jimmy, Mama Tried, Big River, Far From Me, Stagger Lee, Desolation Row, Don't Ease Me In; Set 2: Shakedown Street, Samson And Delilah, Iko Iko, Banana Boat Song (Day O), Man Smart (Woman Smarter), Drums, Knockin' On Heaven's Door, Good Lovin'; Set 3: Johnny B. Goode",Grateful Dead
07/07/1987,Roanoke Civic Center,"Roanoke, VA","Set 1: Funiculi Funicula, Mississippi Half Step Uptown Toodeloo, Walkin' Blues, Candyman, My Brother Esau, When Push Comes To Shove, Me And My Uncle, Mexicali Blues, Bird Song, The Promised Land; Set 2: West L.A. Fadeaway, Cumberland Blues, Looks Like Rain, Eyes Of The World, Drums, The Wheel, Gimme Some Lovin', Morning Dew, Turn On Your Lovelight; Set 3: U.S. Blues",Grateful Dead
07/08/1987,Roanoke Civic Center,"Roanoke, VA","Set 1: Hell In A Bucket > Sugaree, It's All Over Now, Dupree's Diamond Blues, Never Trust A Woman, When I Paint My Masterpiece, Big Railroad Blues, Let It Grow; Set 2: Scarlet Begonias > Fire On The Mountain, Estimated Prophet > He's Gone > Drums > Space > Crazy Fingers > Truckin' > Comes A Time > Sugar Magnolia; Set 3: Black Muddy River",Grateful Dead
07/10/1987,John F. Kennedy Stadium,"Philadelphia, PA","Set 1: Iko Iko, Jack Straw, Sugaree, New Minglewood Blues, Althea, My Brother Esau, When Push Comes To Shove, Cassidy, China Cat Sunflower, I Know You Rider, Looks Like Rain, Terrapin Station, Drums, I Need A Miracle, Black Peter, Around And Around, One More Saturday Night; Set 2: Tangled Up In Blue, I'll Be Your Baby Tonight, Man Of Peace, The Ballad Of Frankie Lee And Judas Priest, John Brown, Simple Twist Of Fate, Ballad Of A Thin Man, Stuck Inside A Mobile With The Memphis Blues Again, Chimes Of Freedom, Queen Jane Approximately, Gotta Serve Somebody, Joey, All Along The Watchtower; Set 3: Touch Of Grey",Grateful Dead
07/12/1987,Giants Stadium,"East Rutherford, NJ","Set 1: Hell In A Bucket, West L.A. Fadeaway, Greatest Story Ever Told, Loser, Tons Of Steel, Take A Step Back Tuning, Ramble On Rose, When I Paint My Masterpiece, When Push Comes To Shove, The Promised Land, Bertha; Set 2: Morning Dew, Playing In The Band, Drums, The Other One, Stella Blue, Throwing Stones, Not Fade Away; Set 3: Slow Train, Stuck Inside A Mobile With The Memphis Blues Again, Tomorrow Is A Long Time, Highway 61 Revisited, John Brown, It's All Over Now, Baby Blue, Ballad Of A Thin Man, The Wicked Messenger, Queen Jane Approximately, Chimes Of Freedom, Joey, All Along The Watchtower, The Times They Are A Changin'; Set 4: Touch Of Grey, Knockin' On Heaven's Door",Grateful Dead
07/19/1987,Autzen Stadium,"Eugene, OR","Set 1: Iko Iko, Feel Like A Stranger, Franklin's Tower, New Minglewood Blues, Peggy O, Addams Family Tuning, When I Paint My Masterpiece, West L.A. Fadeaway, Let It Grow; Set 2: Gimme Some Lovin', Playing In The Band, He's Gone, Spoonful, Drums, The Wheel, Truckin', Wharf Rat, Turn On Your Lovelight; Set 3: Maggie's Farm, Dead Man, Dead Man, Dead Man, Dead Man, Watching The River Flow, Simple Twist Of Fate, The Ballad Of Frankie Lee And Judas Priest, Stuck Inside A Mobile With The Memphis Blues Again, Heart Of Mine, It's All Over Now, Baby Blue, Rainy Day Women #12 & #35, Queen Jane Approximately, Ballad Of A Thin Man, Highway 61 Revisited, Tangled Up In Blue; Set 4: Touch Of Grey, All Along The Watchtower",Grateful Dead
07/24/1987,Oakland Coliseum Stadium,"Oakland, CA","Set 1: Funiculi Funicula, Jack Straw > Mississippi Half Step Uptown Toodeloo, My Brother Esau, Friend Of The Devil, Me And My Uncle > Big River, When Push Comes To Shove, Far From Me, Cassidy > Deal; Set 2: Hell In A Bucket > Scarlet Begonias, Playing In The Band > Drums > Space > Uncle John's Band > Dear Mr. Fantasy > I Need A Miracle > Bertha > Sugar Magnolia; Set 3: The Times They Are A Changin', Man Of Peace, Maggie's Farm, I'll Be Your Baby Tonight, I Want You, Highway 61 Revisited, It's All Over Now, Baby Blue, Stuck Inside A Mobile With The Memphis Blues Again, Ballad Of A Thin Man, Shelter From The Storm, Slow Train, Knockin' On Heaven's Door; Set 4: Touch Of Grey, All Along The Watchtower",Grateful Dead
07/26/1987,Anaheim Stadium,"Anaheim, CA","Set 1: Iko Iko, New Minglewood Blues, Tons Of Steel, West L.A. Fadeaway, When I Paint My Masterpiece, Mexicali Blues, Bird Song, The Promised Land; Set 2: Shakedown Street, Looks Like Rain, Terrapin Station, Drums, The Other One, Stella Blue, Throwing Stones, Not Fade Away; Set 3: Mr. Tambourine Man, Dead Man, Dead Man, Dead Man, Dead Man, Maggie's Farm, Simple Twist Of Fate, Watching The River Flow, It's All Over Now, Baby Blue, Chimes Of Freedom, Queen Jane Approximately, Stuck Inside A Mobile With The Memphis Blues Again, Ballad Of A Thin Man, Rainy Day Women #12 & #35, Gotta Serve Somebody, All Along The Watchtower; Set 4: Touch Of Grey, Knockin' On Heaven's Door",Grateful Dead
08/11/1987,Red Rocks Amphitheatre,"Morrison, CO","Set 1: Cold Rain And Snow, Little Red Rooster, Tons Of Steel, High Time, When I Paint My Masterpiece, When Push Comes To Shove, Let It Grow; Set 2: Crazy Fingers, Samson And Delilah, Ship Of Fools, Playing In The Band, China Doll, Drums, All Along The Watchtower, Goin' Down The Road Feeling Bad, Around And Around, Sugar Magnolia; Set 3: Black Muddy River",Grateful Dead
08/12/1987,Red Rocks Amphitheatre,"Morrison, CO","Set 1: Hell In A Bucket, Sugaree, Never Trust A Woman, Cumberland Blues, Mexicali Blues, Friend Of The Devil, My Brother Esau, Bird Song, The Music Never Stopped; Set 2: China Cat Sunflower, I Know You Rider, Man Smart (Woman Smarter), Terrapin Station, Drums, The Other One, Dear Mr. Fantasy, Wharf Rat, Turn On Your Lovelight; Set 3: The Mighty Quinn (Quinn The Eskimo)",Grateful Dead
08/13/1987,Red Rocks Amphitheatre,"Morrison, CO","Set 1: Big Boss Man, Jack Straw, Row Jimmy, It's All Over Now, Loser, Cassidy, Far From Me, Box Of Rain; Set 2: Uncle John's Band, Estimated Prophet, He's Gone, Drums, The Wheel, Gimme Some Lovin', Stella Blue, Throwing Stones, Not Fade Away; Set 3: Not Fade Away, Touch Of Grey, Knockin' On Heaven's Door",Grateful Dead
08/15/1987,Town Park,"Telluride, CO","Set 1: Feel Like A Stranger > Franklin's Tower, New Minglewood Blues, Candyman, Me And My Uncle > Big River, Tennessee Jed, Desolation Row > Deal; Set 2: Scarlet Begonias > Fire On The Mountain > Looks Like Rain, Eyes Of The World > Drums > Space > I Need A Miracle > Bertha > Morning Dew > One More Saturday Night; Set 3: It's All Over Now, Baby Blue",Grateful Dead
08/16/1987,Town Park,"Telluride, CO","Set 1: Mississippi Half Step Uptown Toodeloo, Little Red Rooster, Iko Iko, Far From Me, West L.A. Fadeaway, When I Paint My Masterpiece, Big Railroad Blues, The Promised Land; Set 2: When Push Comes To Shove, Samson And Delilah, He's Gone, Drums, The Other One, Truckin', Black Peter, Good Lovin'; Set 3: Touch Of Grey, Brokedown Palace",Grateful Dead
08/18/1987,Compton Terrace Amphitheatre,"Tempe, AZ","Set 1: Hell In A Bucket, Sugaree, Walkin' Blues, Ramble On Rose, My Brother Esau, Peggy O, Greatest Story Ever Told, Bertha; Set 2: Crazy Fingers, Playing In The Band, Terrapin Station, Drums, Dear Mr. Fantasy, Wharf Rat, Throwing Stones, Turn On Your Lovelight; Set 3: Black Muddy River",Grateful Dead
08/20/1987,Park West Ski Resort,"Park West, UT","Set 1: Big Boss Man, The Promised Land, Dire Wolf, New Minglewood Blues, Row Jimmy, It's All Over Now, Loser, Cassidy, When Push Comes To Shove; Set 2: China Cat Sunflower, I Know You Rider, Man Smart (Woman Smarter), Ship Of Fools, Truckin', Smokestack Lightnin', Drums, The Wheel, Gimme Some Lovin', All Along The Watchtower, Stella Blue, Sugar Magnolia; Set 3: The Mighty Quinn (Quinn The Eskimo)",Grateful Dead
08/22/1987,Calaveras County Fairgrounds,"Angel's Camp, CA","Set 1: Touch Of Grey, Little Red Rooster, Tons Of Steel, Friend Of The Devil, My Brother Esau, Tennessee Jed, When I Paint My Masterpiece, Bird Song, Good Morning Little Schoolgirl, In The Midnight Hour; Set 2: Hell In A Bucket, When Push Comes To Shove, Estimated Prophet, Eyes Of The World, Drums, The Other One, Goin' Down The Road Feeling Bad, Throwing Stones, Turn On Your Lovelight; Set 3: U.S. Blues",Grateful Dead
08/23/1987,Calaveras County Fairgrounds,"Angel's Camp, CA","Set 1: Box Of Rain, Jack Straw, West L.A. Fadeaway, Me And My Uncle > Mexicali Blues, High Time, Walkin' Blues, Iko Iko, All Along The Watchtower; Set 2: Scarlet Begonias > Fire On The Mountain, Playing In The Band > Drums > Space > I Need A Miracle > Dear Mr. Fantasy > Playing In The Band > Morning Dew; Set 3: Not Fade Away > Brokedown Palace",Grateful Dead
09/07/1987,Providence Civic Center,"Providence, RI","Set 1: Feel Like A Stranger, Franklin's Tower, Walkin' Blues, When Push Comes To Shove, My Brother Esau, It Must Have Been The Roses, Far From Me, Let It Grow; Set 2: Iko Iko, Saint Of Circumstance, Ship Of Fools, Uncle John's Band, Drums, Truckin', Spoonful, Black Peter, Around And Around, Good Lovin', La Bamba, Good Lovin'; Set 3: Knockin' On Heaven's Door",Grateful Dead
09/08/1987,Providence Civic Center,"Providence, RI",,Grateful Dead
09/09/1987,Providence Civic Center,"Providence, RI","Set 1: Hey Pocky Way, Jack Straw, West L.A. Fadeaway, When I Paint My Masterpiece, Friend Of The Devil, Cassidy, Althea, Greatest Story Ever Told, Devil With The Blue Dress On, Good Golly Miss Molly, Devil With The Blue Dress On; Set 2: China Cat Sunflower, I Know You Rider, Playing In The Band, China Doll, Drums, The Wheel, Gimme Some Lovin', Throwing Stones, Not Fade Away; Set 3: Not Fade Away, The Mighty Quinn (Quinn The Eskimo)",Grateful Dead
09/11/1987,Capital Centre,"Landover`, MD","Set 1: Bertha, The Promised Land, Candyman, New Minglewood Blues, When Push Comes To Shove, Tons Of Steel, Desolation Row, Deal; Set 2: Sugar Magnolia, Sugaree, Estimated Prophet, Eyes Of The World, Drums, Goin' Down The Road Feeling Bad, Dear Mr. Fantasy, All Along The Watchtower, Wharf Rat, Sunshine Daydream; Set 3: Touch Of Grey",Grateful Dead
09/12/1987,Capital Centre,"Landover`, MD","Set 1: Hell In A Bucket, Loser, Me And My Uncle, Big River, Ramble On Rose, Just Like Tom Thumb's Blues, Hey Pocky Way, Cassidy, Might As Well; Set 2: Cumberland Blues, Samson And Delilah, Ship Of Fools, Man Smart (Woman Smarter), Drums, Truckin', I Need A Miracle, Morning Dew, Turn On Your Lovelight; Set 3: One More Saturday Night, Black Muddy River",Grateful Dead
09/13/1987,Capital Centre,"Landover`, MD","Set 1: Iko Iko, Little Red Rooster, Brown Eyed Women, Fever, Stagger Lee, When I Paint My Masterpiece, Bird Song > The Promised Land; Set 2: Scarlet Begonias > Fire On The Mountain, Playing In The Band > Drums > Space > The Other One > Stella Blue > Throwing Stones > Good Lovin' > La Bamba > Good Lovin'; Set 3: Knockin' On Heaven's Door",Grateful Dead
09/15/1987,Madison Square Garden,"New York, NY","Set 1: Hey Pocky Way, New Minglewood Blues, When Push Comes To Shove, Me And My Uncle, Mexicali Blues, Row Jimmy, Queen Jane Approximately, Tennessee Jed, The Music Never Stopped; Set 2: China Cat Sunflower, I Know You Rider, Estimated Prophet, Eyes Of The World, Drums, The Wheel, Gimme Some Lovin', Black Peter, Sugar Magnolia; Set 3: It's All Over Now, Baby Blue",Grateful Dead
09/16/1987,Madison Square Garden,"New York, NY","Set 1: Touch Of Grey > Scarlet Begonias, Little Red Rooster, Dire Wolf, My Brother Esau, High Time, Let It Grow > Don't Ease Me In; Set 2: Bertha > Greatest Story Ever Told > Devil With The Blue Dress On > Good Golly Miss Molly > Devil With The Blue Dress On > He's Gone > Drums > Space > Truckin' > Wharf Rat > Throwing Stones > Not Fade Away; Set 3: Black Muddy River",Grateful Dead
09/18/1987,Madison Square Garden,"New York, NY","Set 1: Hell In A Bucket, Sugaree, Walkin' Blues, Candyman, When I Paint My Masterpiece, Bird Song; Set 2: Shakedown Street, Man Smart (Woman Smarter), Terrapin Station, Drums, Goin' Down The Road Feeling Bad, All Along The Watchtower, Morning Dew, Good Lovin', La Bamba, Good Lovin'; Set 3: Knockin' On Heaven's Door",Grateful Dead
09/19/1987,Madison Square Garden,"New York, NY","Set 1: Mississippi Half Step Uptown Toodeloo, It's All Over Now, High Time, Mexicali Blues, Big River, When Push Comes To Shove, Box Of Rain, Don't Ease Me In; Set 2: Crazy Fingers, Uncle John's Band, Playing In The Band, Drums, I Need A Miracle, Maggie's Farm, Black Peter, Around And Around, Turn On Your Lovelight; Set 3: Black Muddy River",Grateful Dead
09/20/1987,Madison Square Garden,"New York, NY","Set 1: Jack Straw, West L.A. Fadeaway, My Brother Esau, Far From Me, It Must Have Been The Roses, Desolation Row, Might As Well, The Promised Land; Set 2: Hell In A Bucket, Iko Iko, Looks Like Rain, He's Gone, Drums, The Other One, Wharf Rat, Throwing Stones, Not Fade Away; Set 3: Touch Of Grey, Brokedown Palace",Grateful Dead
09/22/1987,The Spectrum,"Philadelphia, PA","Set 1: Hey Pocky Way, Althea, Little Red Rooster, When Push Comes To Shove, When I Paint My Masterpiece, Ramble On Rose, Addams Family Tuning, Cassidy, Deal; Set 2: Gimme Some Lovin', China Cat Sunflower, I Know You Rider, Samson And Delilah, Terrapin Station, Drums, Playing In The Band, The Wheel, Truckin', Stella Blue, Sugar Magnolia; Set 3: It's All Over Now, Baby Blue",Grateful Dead
09/23/1987,The Spectrum,"Philadelphia, PA","Set 1: Feel Like A Stranger, Franklin's Tower, Walkin' Blues, Friend Of The Devil, Tons Of Steel, Desolation Row, Big Railroad Blues, The Music Never Stopped; Set 2: Bertha, Cumberland Blues, Playing In The Band, Uncle John's Band, Drums, I Need A Miracle, Dear Mr. Fantasy, Around And Around, Good Lovin', La Bamba, Good Lovin'; Set 3: U.S. Blues",Grateful Dead
09/24/1987,The Spectrum,"Philadelphia, PA","Set 1: Touch Of Grey, New Minglewood Blues, High Time, Me And My Uncle, Big River, Big Boss Man, My Brother Esau, Bird Song, The Promised Land; Set 2: Box Of Rain, Iko Iko, Hell In A Bucket, Fire On The Mountain, Drums, The Other One, Black Peter, Throwing Stones, Turn On Your Lovelight; Set 3: Knockin' On Heaven's Door",Grateful Dead
10/02/1987,Shoreline Amphitheatre,"Mountain View, CA","Set 1: Cold Rain And Snow, Little Red Rooster, Stagger Lee, Me And My Uncle, Mexicali Blues, Far From Me, Row Jimmy, Let It Grow; Set 2: China Cat Sunflower, I Know You Rider, Man Smart (Woman Smarter), Ship Of Fools, Truckin', Drums, The Wheel, Gimme Some Lovin', All Along The Watchtower, Don't Ease Me In; Set 3: Black Muddy River",Grateful Dead
10/03/1987,Shoreline Amphitheatre,"Mountain View, CA","Set 1: Hey Pocky Way, New Minglewood Blues, Candyman, When I Paint My Masterpiece, West L.A. Fadeaway, My Brother Esau, Bird Song, The Music Never Stopped; Set 2: Maggie's Farm > Cumberland Blues > Looks Like Rain > Terrapin Station > Drums > Space > The Other One > Stella Blue > Throwing Stones > Turn On Your Lovelight; Set 3: The Mighty Quinn (Quinn The Eskimo)",Grateful Dead
10/04/1987,Shoreline Amphitheatre,"Mountain View, CA","Set 1: Jack Straw, When Push Comes To Shove, Walkin' Blues, High Time, Desolation Row, Iko Iko; Set 2: Hell In A Bucket, Devil With The Blue Dress On, Good Golly Miss Molly, Devil With The Blue Dress On, Estimated Prophet, Eyes Of The World, Drums, I Need A Miracle, Dear Mr. Fantasy, Wharf Rat, Not Fade Away; Set 3: Touch Of Grey, Brokedown Palace",Grateful Dead
11/06/1987,Henry J. Kaiser Convention Center,"Oakland, CA","Set 1: Big Boss Man, Feel Like A Stranger, It Must Have Been The Roses, New Minglewood Blues, When Push Comes To Shove, Me And My Uncle > Cumberland Blues, Let It Grow; Set 2: Scarlet Begonias > Hell In A Bucket, He's Gone > Drums > Space > The Wheel > Gimme Some Lovin' > Morning Dew > All Along The Watchtower; Set 3: Black Muddy River",Grateful Dead
11/07/1987,Henry J. Kaiser Convention Center,"Oakland, CA","Set 1: Hey Pocky Way, Jack Straw, Row Jimmy, When I Paint My Masterpiece, Dupree's Diamond Blues, Box Of Rain, Cassidy, Might As Well; Set 2: Uncle John's Band, Playing In The Band, Terrapin Station, Drums, I Need A Miracle, Black Peter, Throwing Stones, Not Fade Away; Set 3: Knockin' On Heaven's Door, One More Saturday Night",Grateful Dead
11/08/1987,Henry J. Kaiser Convention Center,"Oakland, CA","Set 1: Iko Iko, Little Red Rooster, Stagger Lee, Mexicali Blues, Big River, West L.A. Fadeaway, The Music Never Stopped, Don't Ease Me In; Set 2: China Cat Sunflower, I Know You Rider, Looks Like Rain, Crazy Fingers, Truckin', Drums, The Other One, Stella Blue, Turn On Your Lovelight; Set 3: Just Like Tom Thumb's Blues, Touch Of Grey",Grateful Dead
11/13/1987,Long Beach Arena,"Long Beach, CA","Set 1: Hell In A Bucket, Sugaree, New Minglewood Blues, Friend Of The Devil, Far From Me, Bird Song, The Music Never Stopped; Set 2: Bertha, Man Smart (Woman Smarter), Ship Of Fools, Estimated Prophet, Drums, The Wheel, Gimme Some Lovin', Wharf Rat, Sugar Magnolia; Set 3: Knockin' On Heaven's Door",Grateful Dead
11/14/1987,Long Beach Arena,"Long Beach, CA","Set 1: Shakedown Street, Little Red Rooster, Althea, When I Paint My Masterpiece, Hey Pocky Way, Deal; Set 2: Maggie's Farm, Cumberland Blues, Playing In The Band, Terrapin Station, Drums, I Need A Miracle, Stella Blue, Throwing Stones, Turn On Your Lovelight; Set 3: The Mighty Quinn (Quinn The Eskimo)",Grateful Dead
11/15/1987,Long Beach Arena,"Long Beach, CA","Set 1: Iko Iko, Walkin' Blues, Candyman, Me And My Uncle > Mexicali Blues, West L.A. Fadeaway, Cassidy, Don't Ease Me In; Set 2: Scarlet Begonias > Fire On The Mountain, Looks Like Rain > He's Gone > Drums > Space > The Other One > Morning Dew > Around And Around > All Along The Watchtower; Set 3: Black Muddy River",Grateful Dead
12/27/1987,Oakland Coliseum Arena,"Oakland, CA","Set 1: Touch Of Grey, Jack Straw, Peggy O, Walkin' Blues, Ramble On Rose, Me And My Uncle, Big River, It Must Have Been The Roses, Desolation Row, Don't Ease Me In; Set 2: Playing In The Band, Uncle John's Band, Estimated Prophet, Eyes Of The World, Drums, Dear Mr. Fantasy, Stella Blue, Throwing Stones, Turn On Your Lovelight; Set 3: The Mighty Quinn (Quinn The Eskimo)",Grateful Dead
12/28/1987,Oakland Coliseum Arena,"Oakland, CA","Set 1: Feel Like A Stranger, Franklin's Tower, New Minglewood Blues, Row Jimmy, Far From Me, When I Paint My Masterpiece, Sugaree, Hell In A Bucket; Set 2: China Cat Sunflower, I Know You Rider, Cumberland Blues, Man Smart (Woman Smarter), Drums, The Wheel, Truckin', Smokestack Lightnin', Black Peter, Sugar Magnolia; Set 3: Black Muddy River",Grateful Dead
12/30/1987,Oakland Coliseum Arena,"Oakland, CA","Set 1: Hey Pocky Way, Big Boss Man, Greatest Story Ever Told, Friend Of The Devil, Mama Tried > Mexicali Blues, Althea, Cassidy, West L.A. Fadeaway, Let It Grow; Set 2: Scarlet Begonias, Samson And Delilah, Ship Of Fools, He's Gone > Drums > Space > I Need A Miracle > Gimme Some Lovin' > Morning Dew > All Along The Watchtower; Set 3: It's All Over Now, Baby Blue",Grateful Dead
12/31/1987,Oakland Coliseum Arena,"Oakland, CA","Set 1: Bertha, The Promised Land, Cold Rain And Snow, Little Red Rooster, When Push Comes To Shove, When I Paint My Masterpiece, Bird Song, The Music Never Stopped; Set 2: Hell In A Bucket, Uncle John's Band, Terrapin Station, Drums, The Other One, Wharf Rat, Throwing Stones, Not Fade Away; Set 3: Man Smart (Woman Smarter), Iko Iko, Banana Boat Song (Day O), Knockin' On Heaven's Door",Grateful Dead
