Date,Venue Name,Venue Location,Set List,Performers
02/26/1981,Uptown Theatre,"Chicago, IL","Set 1: Feel Like A Stranger, Althea, Little Red Rooster, Bird Song, Me And My Uncle, Big River, Tennessee Jed, Passenger, Peggy O, The Music Never Stopped; Set 2: China Cat Sunflower, I Know You Rider, Samson And Delilah, He's Gone, Drums, Truckin', Black Peter, Goin' Down The Road Feeling Bad, Johnny B. Goode; Set 3: U.S. Blues",Grateful Dead
02/27/1981,Uptown Theatre,"Chicago, IL","Set 1: Alabama Getaway > The Promised Land, Friend Of The Devil, Cassidy, Loser, C.C. Rider, It Must Have Been The Roses, New Minglewood Blues; Set 2: Scarlet Begonias > Fire On The Mountain > Estimated Prophet > Eyes Of The World > Drums > Space > Not Fade Away > Wharf Rat > Sugar Magnolia; Set 3: Don't Ease Me In",Grateful Dead
02/28/1981,Uptown Theatre,"Chicago, IL","Set 1: Jack Straw, They Love Each Other, Mama Tried, Mexicali Blues, Candyman, Little Red Rooster, Big Railroad Blues, Althea, Let It Grow, Deal; Set 2: Cold Rain And Snow, Greatest Story Ever Told, Ship Of Fools, Lost Sailor, Saint Of Circumstance, Terrapin Station, Drums, The Other One, Stella Blue, Around And Around, Good Lovin'; Set 3: One More Saturday Night",Grateful Dead
03/02/1981,Cleveland Music Hall,"Cleveland, OH","Set 1: Shakedown Street, New Minglewood Blues, Dire Wolf, Cassidy, Althea, El Paso, Jack A Roe, Lazy Lightnin', Supplication, Don't Ease Me In, The Promised Land; Set 2: Ramble On Rose, Playing In The Band, China Doll, Drums, Playing In The Band, The Wheel, Around And Around, Johnny B. Goode; Set 3: U.S. Blues",Grateful Dead
03/03/1981,Cleveland Music Hall,"Cleveland, OH","Set 1: Feel Like A Stranger, Peggy O, Me And My Uncle, Big River, Bird Song, Looks Like Rain, Big Railroad Blues, Little Red Rooster, Deal; Set 2: China Cat Sunflower, I Know You Rider, Samson And Delilah, He's Gone, Drums, Lost Sailor, Saint Of Circumstance, Black Peter, Good Lovin'; Set 3: Casey Jones",Grateful Dead
03/05/1981,Stanley Theatre,"Pittsburgh, PA","Set 1: Alabama Getaway > Greatest Story Ever Told, Friend Of The Devil, C.C. Rider, Althea, Mama Tried > Mexicali Blues, To Lay Me Down > New Minglewood Blues, Tennessee Jed > The Music Never Stopped; Set 2: Jam > Passenger, Scarlet Begonias > Fire On The Mountain, Playing In The Band > Drums > Space > Not Fade Away > Wharf Rat > Around And Around > Johnny B. Goode; Set 3: U.S. Blues",Grateful Dead
03/06/1981,Stanley Theatre,"Pittsburgh, PA","Set 1: Jack Straw, Peggy O, Cassidy, They Love Each Other, El Paso, Row Jimmy, Little Red Rooster, Brown Eyed Women, Let It Grow, Deal; Set 2: Samson And Delilah, It Must Have Been The Roses, Estimated Prophet, Franklin's Tower, Drums, The Other One, Stella Blue, Sugar Magnolia; Set 3: Don't Ease Me In",Grateful Dead
03/07/1981,Cole Field House,"College Park, MD","Set 1: Alabama Getaway, Greatest Story Ever Told, Dire Wolf, Me And My Uncle, Big River, Candyman, C.C. Rider, Jack A Roe, Passenger, Bird Song, Looks Like Rain, Deal; Set 2: Iko Iko, Lost Sailor, Saint Of Circumstance, Drums, Truckin', Black Peter, Around And Around, Johnny B. Goode; Set 3: One More Saturday Night",Grateful Dead
03/09/1981,Madison Square Garden,"New York, NY","Set 1: Feel Like A Stranger, Althea, C.C. Rider, Ramble On Rose, El Paso, Deep Elem Blues, Beat It On Down The Line, Bird Song, New Minglewood Blues; Set 2: China Cat Sunflower, I Know You Rider, Samson And Delilah, Ship Of Fools, Estimated Prophet, Uncle John's Band, Drums, The Other One, Stella Blue, Good Lovin'; Set 3: U.S. Blues",Grateful Dead
03/10/1981,Madison Square Garden,"New York, NY","Set 1: Mississippi Half Step Uptown Toodeloo > Franklin's Tower > Me And My Uncle, It Must Have Been The Roses > Little Red Rooster, Don't Ease Me In, Lazy Lightnin' > Supplication, Brown Eyed Women > Looks Like Rain > Deal; Set 2: Scarlet Begonias > Fire On The Mountain > Lost Sailor > Saint Of Circumstance > Drums > Space > The Wheel > China Doll > Truckin' > Sugar Magnolia; Set 3: (I Can't Get No) Satisfaction > Brokedown Palace",Grateful Dead
03/12/1981,Boston Garden,"Boston, MA","Set 1: Jack Straw, Tennessee Jed, Mama Tried, Mexicali Blues, Bird Song, C.C. Rider, Althea, Let It Grow, Franklin's Tower; Set 2: Terrapin Station, Playing In The Band, He's Gone, Drums, Not Fade Away, Black Peter, Around And Around, Johnny B. Goode; Set 3: U.S. Blues",Grateful Dead
03/13/1981,Utica Memorial Auditorium,"Utica, NY","Set 1: Shakedown Street, New Minglewood Blues, They Love Each Other, El Paso, Jack A Roe, Cassidy, High Time, Little Red Rooster, Althea, The Music Never Stopped; Set 2: Cold Rain And Snow, Samson And Delilah, It Must Have Been The Roses, Estimated Prophet, Eyes Of The World, Drums, Lost Sailor, Saint Of Circumstance, Wharf Rat, Sugar Magnolia; Set 3: Don't Ease Me In",Grateful Dead
03/14/1981,Hartford Civic Center,"Hartford, CT","Set 1: Feel Like A Stranger, Sugaree, Me And My Uncle, Big River, Peggy O, C.C. Rider, Althea, Passenger, China Cat Sunflower, I Know You Rider; Set 2: Alabama Getaway, Greatest Story Ever Told, Ship Of Fools, Lost Sailor, Saint Of Circumstance, Drums, The Other One, Stella Blue, I Need A Miracle, Bertha, Good Lovin'; Set 3: One More Saturday Night",Grateful Dead
03/20/1981,Rainbow Theater,"London, UK","Set 1: Feel Like A Stranger, Friend Of The Devil > C.C. Rider, Althea, Mama Tried > Mexicali Blues, Loser, New Minglewood Blues, Candyman > Looks Like Rain > Deal; Set 2: Scarlet Begonias > Fire On The Mountain > Lost Sailor > Saint Of Circumstance > He's Gone > Drums > Space > Truckin' > Wharf Rat > Around And Around > Johnny B. Goode; Set 3: U.S. Blues",Grateful Dead
03/21/1981,Rainbow Theater,"London, UK","Set 1: Alabama Getaway, The Promised Land, Peggy O, Me And My Uncle, Big River, Tennessee Jed, Little Red Rooster, Althea, Let It Grow, China Cat Sunflower, I Know You Rider; Set 2: Jack Straw, Ship Of Fools, Estimated Prophet, Eyes Of The World, Drums, Not Fade Away, Black Peter, One More Saturday Night; Set 3: Don't Ease Me In",Grateful Dead
03/23/1981,Rainbow Theater,"London, UK","Set 1: Jack Straw, They Love Each Other, Cassidy, It Must Have Been The Roses, El Paso, Ramble On Rose, New Minglewood Blues, Sugaree, Lazy Lightnin', Supplication; Set 2: Bird Song, Samson And Delilah, To Lay Me Down, Terrapin Station, Playing In The Band, Drums, The Other One, Stella Blue, Sugar Magnolia; Set 3: Casey Jones",Grateful Dead
03/24/1981,Rainbow Theater,"London, UK","Set 1: Mississippi Half Step Uptown Toodeloo, Franklin's Tower, Beat It On Down The Line, Greatest Story Ever Told, Row Jimmy, Me And My Uncle, Big River, High Time, Little Red Rooster, China Cat Sunflower, I Know You Rider; Set 2: Shakedown Street, Lost Sailor, Saint Of Circumstance, He's Gone, Drums, The Wheel, Truckin', Wharf Rat, Around And Around, Good Lovin'; Set 3: Brokedown Palace",Grateful Dead
03/28/1981,Grugahalle,"Essen, DE","Set 1: Alabama Getaway, Greatest Story Ever Told, Sugaree, Me And My Uncle, Mexicali Blues, Shakedown Street, Little Red Rooster, Althea, Looks Like Rain, Deal; Set 2: Samson And Delilah, Ship Of Fools, Estimated Prophet, He's Gone, The Other One, Drums, Not Fade Away, Wharf Rat, Around And Around, Good Lovin'; Set 3: One More Saturday Night",Grateful Dead
04/30/1981,Greensboro Coliseum,"Greensboro, NC","Set 1: Jack Straw, Peggy O, C.C. Rider, Alabama Getaway, Greatest Story Ever Told, Loser, Looks Like Rain, China Cat Sunflower, I Know You Rider; Set 2: Shakedown Street, Samson And Delilah, It Must Have Been The Roses, Estimated Prophet, Eyes Of The World, Drums, Truckin', Black Peter, Around And Around, Johnny B. Goode; Set 3: Casey Jones",Grateful Dead
05/01/1981,Hampton Coliseum,"Hampton, VA","Set 1: Alabama Getaway, The Promised Land, Friend Of The Devil, Me And My Uncle, Big River, Althea, Little Red Rooster, Tennessee Jed, Let It Grow, Deal; Set 2: Feel Like A Stranger, Franklin's Tower, Lost Sailor, Saint Of Circumstance, He's Gone, The Other One, Drums, The Wheel, Wharf Rat, Sugar Magnolia; Set 3: U.S. Blues",Grateful Dead
05/02/1981,The Spectrum,"Philadelphia, PA","Set 1: Jack Straw > Sugaree > El Paso, Bird Song, Cassidy, Candyman > New Minglewood Blues, Althea, The Promised Land; Set 2: Scarlet Begonias > Fire On The Mountain, Estimated Prophet > Terrapin Station > Drums > Space > Not Fade Away > Stella Blue > Around And Around > Good Lovin'; Set 3: One More Saturday Night",Grateful Dead
05/04/1981,The Spectrum,"Philadelphia, PA","Set 1: Don't Ease Me In, Beat It On Down The Line, Jack A Roe, Little Red Rooster, Cold Rain And Snow, Mama Tried, Mexicali Blues, Althea, Looks Like Rain, Bertha, Greatest Story Ever Told; Set 2: China Cat Sunflower, I Know You Rider, Samson And Delilah, To Lay Me Down, Playing In The Band, Drums, Nobody's Fault But Mine, Lost Sailor, Saint Of Circumstance, Black Peter, Sugar Magnolia",Grateful Dead
05/05/1981,Glens Falls Civic Center,"Glens Falls, NY","Set 1: Feel Like A Stranger, Peggy O > El Paso, Ramble On Rose, C.C. Rider, Althea, Passenger, Brown Eyed Women, The Music Never Stopped > Don't Ease Me In; Set 2: Scarlet Begonias > Fire On The Mountain, Estimated Prophet > Eyes Of The World > Drums > Space > Uncle John's Band > Truckin' > Alabama Getaway > Johnny B. Goode; Set 3: U.S. Blues",Grateful Dead
05/06/1981,Nassau Veterans Memorial Coliseum,"Uniondale, NY","Set 1: Alabama Getaway, Greatest Story Ever Told, They Love Each Other, Cassidy, Jack A Roe, Little Red Rooster, Dire Wolf, Looks Like Rain, Big Railroad Blues, Let It Grow, Deal; Set 2: New Minglewood Blues, High Time, Lost Sailor, Saint Of Circumstance, He's Gone, Caution (Do Not Stop On Tracks) Jam, Spanish Jam, Drums, The Other One, Goin' Down The Road Feeling Bad, Wharf Rat, Good Lovin'; Set 3: Don't Ease Me In",Grateful Dead
05/07/1981,NBC Studios,"New York, NY","On The Road Again, Dire Wolf, Deep Elem Blues, Cassidy",Grateful Dead
05/08/1981,Nassau Veterans Memorial Coliseum,"Uniondale, NY","Set 1: Jack Straw, Peggy O, Me And My Uncle, Big River, Loser, C.C. Rider, Althea, Let It Grow, Don't Ease Me In; Set 2: Shakedown Street, Samson And Delilah, Terrapin Station, Playing In The Band, Drums, Nobody's Fault But Mine Jam, Not Fade Away, Stella Blue, Sugar Magnolia; Set 3: U.S. Blues",Grateful Dead
05/09/1981,Nassau Veterans Memorial Coliseum,"Uniondale, NY","Set 1: Mississippi Half Step Uptown Toodeloo, Franklin's Tower, Feel Like A Stranger, Bird Song, Little Red Rooster, Candyman, Mama Tried, Mexicali Blues, Looks Like Rain, China Cat Sunflower, I Know You Rider; Set 2: Lost Sailor, Saint Of Circumstance, Ship Of Fools, Estimated Prophet, Eyes Of The World, Drums, Nobody's Fault But Mine Jam, Truckin', Black Peter, Around And Around, One More Saturday Night; Set 3: Brokedown Palace",Grateful Dead
05/11/1981,Veterans Memorial Coliseum,"New Haven, CT","Set 1: New Minglewood Blues > Sugaree > El Paso, Jack A Roe, Beat It On Down The Line, Row Jimmy, It's All Over Now, Althea, Lazy Lightnin' > Supplication, Don't Ease Me In; Set 2: Scarlet Begonias > Fire On The Mountain > C.C. Rider, To Lay Me Down, Playing In The Band > Drums > Space > The Wheel > Playing In The Band > China Doll > Around And Around > Good Lovin'; Set 3: (I Can't Get No) Satisfaction",Grateful Dead
05/12/1981,Veterans Memorial Coliseum,"New Haven, CT","Set 1: Alabama Getaway, Greatest Story Ever Told, Peggy O, Cassidy, It Must Have Been The Roses, Me And My Uncle, Big River, Althea, Little Red Rooster, China Cat Sunflower, I Know You Rider; Set 2: Shakedown Street, Looks Like Rain, Ship Of Fools, Estimated Prophet, He's Gone, Drums, The Other One, Wharf Rat, Sugar Magnolia; Set 3: Don't Ease Me In",Grateful Dead
05/13/1981,Providence Civic Center,"Providence, RI","Set 1: Jack Straw, Tennessee Jed, C.C. Rider, Friend Of The Devil, Mama Tried, Mexicali Blues, Bird Song, Let It Grow, Deal; Set 2: Samson And Delilah, Terrapin Station, Lost Sailor, Saint Of Circumstance, Drums, Iko Iko, I Need A Miracle, Stella Blue, Good Lovin'; Set 3: Brokedown Palace",Grateful Dead
05/15/1981,Rutgers Athletic Center,"Piscataway, NJ","Set 1: Mississippi Half Step Uptown Toodeloo > Franklin's Tower > New Minglewood Blues, Dire Wolf, Cassidy, Candyman > Little Red Rooster, Jack A Roe, El Paso, Ramble On Rose > Looks Like Rain > Don't Ease Me In; Set 2: Scarlet Begonias > Fire On The Mountain > Estimated Prophet > Eyes Of The World > Drums > Space > Not Fade Away > Black Peter > Sugar Magnolia; Set 3: U.S. Blues",Grateful Dead
05/16/1981,Barton Hall,"Ithaca, NY","Set 1: Feel Like A Stranger, Friend Of The Devil, Me And My Uncle, Big River, Althea, C.C. Rider, Brown Eyed Women, Passenger, High Time, Let It Grow, Don't Ease Me In; Set 2: Shakedown Street, Bertha, Lost Sailor, Saint Of Circumstance, Spanish Jam, Drums, Truckin', Nobody's Fault But Mine Jam, Stella Blue, Goin' Down The Road Feeling Bad, One More Saturday Night; Set 3: Uncle John's Band",Grateful Dead
05/17/1981,Onondaga County War Memorial,"Syracuse, NY","Set 1: Alabama Getaway, The Promised Land, Peggy O, Mama Tried, Mexicali Blues, Candyman, New Minglewood Blues, They Love Each Other, Looks Like Rain, Big Railroad Blues, Little Red Rooster, China Cat Sunflower, I Know You Rider; Set 2: Cold Rain And Snow, Samson And Delilah, Ship Of Fools, Estimated Prophet, He's Gone, The Other One, Drums, Saint Of Circumstance, Wharf Rat, Sugar Magnolia; Set 3: (I Can't Get No) Satisfaction",Grateful Dead
05/22/1981,Warfield Theater,"San Francisco, CA","Deep Elem Blues, The Race Is On, Friend Of The Devil, Cassidy, To Lay Me Down, Monkey And The Engineer, Oh Babe It Ain't No Lie, On The Road Again, Bird Song, Ripple, Drums, Oh Boy",Grateful Dead
07/02/1981,The Summit,"Houston, TX","Set 1: Alabama Getaway > Greatest Story Ever Told, Friend Of The Devil > C.C. Rider, Althea, El Paso, Jack A Roe, Looks Like Rain, Dire Wolf, Lost Sailor > Saint Of Circumstance; Set 2: Scarlet Begonias > Fire On The Mountain, Man Smart (Woman Smarter), It Must Have Been The Roses, Estimated Prophet > Eyes Of The World > Drums > Space > The Wheel > Truckin' > Black Peter > Around And Around > Good Lovin'; Set 3: U.S. Blues",Grateful Dead
07/04/1981,Manor Downs,"Austin, TX","Set 1: Jack Straw, Peggy O, Me And My Uncle, Big River, Loser, Little Red Rooster, Tennessee Jed, New Minglewood Blues, China Cat Sunflower, I Know You Rider; Set 2: Feel Like A Stranger, Bird Song, Playing In The Band, Drums, Not Fade Away, Wharf Rat, Sugar Magnolia; Set 3: One More Saturday Night",Grateful Dead
07/05/1981,Zoo Amphitheatre,"Oklahoma City, OK","Set 1: Shakedown Street, The Promised Land, Candyman, Cassidy, Brown Eyed Women, C.C. Rider, They Love Each Other, Mama Tried, Mexicali Blues, Althea, Let It Grow; Set 2: Samson And Delilah, Don't Ease Me In, The Music Never Stopped, Ship Of Fools, Lost Sailor, Saint Of Circumstance, He's Gone, Drums, The Other One, Stella Blue, Around And Around, Johnny B. Goode; Set 3: U.S. Blues",Grateful Dead
07/07/1981,Kansas City Municipal Auditorium Arena,"Kansas City, MO","Set 1: New Minglewood Blues, Bertha, Dancing In The Street, Big Railroad Blues, El Paso, To Lay Me Down, Lazy Lightnin', Supplication, Bird Song, Looks Like Rain, Deal; Set 2: Man Smart (Woman Smarter), Candyman, Estimated Prophet, Eyes Of The World, Drums, Truckin', Goin' Down The Road Feeling Bad, Black Peter, I Need A Miracle, Good Lovin'; Set 3: Don't Ease Me In",Grateful Dead
07/08/1981,Kiel Auditorium,"St. Louis, MO","Set 1: Mississippi Half Step Uptown Toodeloo > Feel Like A Stranger, Peggy O > Little Red Rooster, Althea, Me And My Uncle > Big River, Don't Ease Me In, New Minglewood Blues, China Cat Sunflower, I Know You Rider; Set 2: Scarlet Begonias > Fire On The Mountain > Lost Sailor > Saint Of Circumstance > Franklin's Tower > Drums > Space > Not Fade Away > Wharf Rat > Sugar Magnolia; Set 3: U.S. Blues",Grateful Dead
07/10/1981,St. Paul Civic Center Arena,"St. Paul, MN","Set 1: Jack Straw, Sugaree, Mama Tried, Mexicali Blues, Loser, Cassidy, Brown Eyed Women, C.C. Rider, Ramble On Rose, Let It Grow, Don't Ease Me In; Set 2: Samson And Delilah, Althea, Estimated Prophet, Eyes Of The World, Drums, Uncle John's Band, Playing In The Band, China Doll, Uncle John's Band, Playing In The Band, Around And Around, Good Lovin'; Set 3: Casey Jones",Grateful Dead
07/11/1981,Alpine Valley Music Theatre,"East Troy, WI","Set 1: Alabama Getaway, Greatest Story Ever Told, Peggy O, Little Red Rooster, Bird Song, Me And My Uncle, Big River, Tennessee Jed, New Minglewood Blues, China Cat Sunflower, I Know You Rider; Set 2: Lost Sailor, Saint Of Circumstance, Ship Of Fools, He's Gone, Truckin', Drums, The Other One, Stella Blue, I Need A Miracle, Goin' Down The Road Feeling Bad, One More Saturday Night; Set 3: Brokedown Palace",Grateful Dead
07/13/1981,McNichols Sports Arena,"Denver, CO","Set 1: Feel Like A Stranger, They Love Each Other > El Paso, Jack A Roe > Beat It On Down The Line, It Must Have Been The Roses > C.C. Rider, Althea > Looks Like Rain > Deal; Set 2: Man Smart (Woman Smarter), Scarlet Begonias > Fire On The Mountain, Estimated Prophet > Terrapin Station > Drums > Space > Not Fade Away > Black Peter > Sugar Magnolia; Set 3: (I Can't Get No) Satisfaction",Grateful Dead
07/14/1981,McNichols Sports Arena,"Denver, CO","Set 1: Cold Rain And Snow, New Minglewood Blues, Friend Of The Devil, Cassidy, To Lay Me Down, Me And My Uncle, Mexicali Blues, Big Railroad Blues, Little Red Rooster, Bird Song, Lost Sailor, Saint Of Circumstance, Don't Ease Me In; Set 2: Shakedown Street, Samson And Delilah, High Time, Truckin', Eyes Of The World, Drums, The Other One, Wharf Rat, Good Lovin'; Set 3: U.S. Blues",Grateful Dead
08/12/1981,Salt Palace,"Salt Lake City, UT","Set 1: Alabama Getaway > Greatest Story Ever Told, Friend Of The Devil, Mama Tried > Mexicali Blues, Jack A Roe, C.C. Rider, Althea > Lost Sailor > Saint Of Circumstance; Set 2: Might As Well, Man Smart (Woman Smarter), Scarlet Begonias > Fire On The Mountain, Estimated Prophet > Eyes Of The World > Drums > Space > Spanish Jam > Truckin' > Morning Dew > Around And Around > Good Lovin'; Set 3: U.S. Blues",Grateful Dead
08/14/1981,Seattle Center Memorial Coliseum,"Seattle, WA","Set 1: New Minglewood Blues, Sugaree, On The Road Again, Peggy O, Beat It On Down The Line, Brown Eyed Women, Little Red Rooster, Don't Ease Me In, Looks Like Rain, Bertha, The Promised Land; Set 2: Might As Well, Samson And Delilah, Ship Of Fools, Playing In The Band, China Cat Sunflower, I Know You Rider, Drums, Playing In The Band, Wharf Rat, Goin' Down The Road Feeling Bad, I Need A Miracle, Johnny B. Goode; Set 3: It's All Over Now, Baby Blue",Grateful Dead
08/15/1981,Portland Memorial Coliseum,"Portland, OR","Set 1: Shakedown Street, Me And My Uncle, Big River, Tennessee Jed, Cassidy, Candyman, C.C. Rider, Althea, Let It Grow; Set 2: Might As Well, Man Smart (Woman Smarter), To Lay Me Down, Lost Sailor, Saint Of Circumstance, Terrapin Station, Drums, Not Fade Away, Black Peter, Sugar Magnolia; Set 3: One More Saturday Night",Grateful Dead
08/16/1981,McArthur Court,"Eugene, OR","Set 1: Jack Straw, Friend Of The Devil > El Paso, Loser, New Minglewood Blues, Peggy O > Little Red Rooster, Deal; Set 2: Feel Like A Stranger, Scarlet Begonias > Fire On The Mountain, Estimated Prophet > Eyes Of The World > Drums > Space > The Other One > Stella Blue > Around And Around > Good Lovin'; Set 3: It's All Over Now, Baby Blue",Grateful Dead
08/27/1981,Long Beach Arena,"Long Beach, CA","Set 1: Alabama Getaway > The Promised Land, Friend Of The Devil > C.C. Rider, Peggy O, El Paso, Bird Song, Passenger, Cumberland Blues > Looks Like Rain > Might As Well; Set 2: Samson And Delilah, Scarlet Begonias > Fire On The Mountain, Estimated Prophet > Eyes Of The World > Drums > Space > Not Fade Away > Black Peter > Good Lovin'; Set 3: Don't Ease Me In",Grateful Dead
08/28/1981,Long Beach Arena,"Long Beach, CA","Set 1: Jack Straw, They Love Each Other, Me And My Uncle, Big River, Althea, Little Red Rooster, Brown Eyed Women, Let It Grow, China Cat Sunflower, I Know You Rider; Set 2: Shakedown Street, Lost Sailor, Saint Of Circumstance, The Wheel, Never Trust A Woman, Drums, Spanish Jam, Truckin', Wharf Rat, Sugar Magnolia; Set 3: U.S. Blues",Grateful Dead
08/30/1981,Compton Terrace Amphitheatre,"Tempe, AZ","Set 1: Mississippi Half Step Uptown Toodeloo, Franklin's Tower, New Minglewood Blues, Tennessee Jed, Mama Tried, Mexicali Blues, It Must Have Been The Roses, Beat It On Down The Line, Cumberland Blues, Looks Like Rain, Might As Well; Set 2: Samson And Delilah, Ship Of Fools, Estimated Prophet, He's Gone, Drums, The Other One, Stella Blue, Goin' Down The Road Feeling Bad, Good Lovin'; Set 3: Don't Ease Me In",Grateful Dead
08/31/1981,Aladdin Theatre,"Las Vegas, NV","Set 1: Feel Like A Stranger, Jack A Roe, El Paso, Candyman > Little Red Rooster, Loser, Cassidy, Althea, Let It Grow > Deal; Set 2: Lost Sailor > Saint Of Circumstance > Scarlet Begonias > Fire On The Mountain, Playing In The Band > Drums > Space > Never Trust A Woman > Morning Dew > Playing In The Band > Around And Around > Johnny B. Goode; Set 3: U.S. Blues",Grateful Dead
09/11/1981,Greek Theatre,"Berkeley, CA","Set 1: New Minglewood Blues, They Love Each Other, Mama Tried, Mexicali Blues, Candyman, Little Red Rooster, Cumberland Blues, Beat It On Down The Line, Althea, Lost Sailor, Saint Of Circumstance, Deal; Set 2: Feel Like A Stranger, Franklin's Tower, Man Smart (Woman Smarter), He's Gone, Truckin', Drums, The Other One, Morning Dew, Johnny B. Goode; Set 3: Don't Ease Me In",Grateful Dead
09/12/1981,Greek Theatre,"Berkeley, CA","Set 1: Shakedown Street, Greatest Story Ever Told, Friend Of The Devil > El Paso, Bird Song > Cassidy, Tennessee Jed > Looks Like Rain, China Cat Sunflower > I Know You Rider; Set 2: Scarlet Begonias > Fire On The Mountain, C.C. Rider, Estimated Prophet > Eyes Of The World > Drums > Not Fade Away > Wharf Rat > Around And Around > One More Saturday Night; Set 3: It's All Over Now, Baby Blue, Good Lovin'",Grateful Dead
09/13/1981,Greek Theatre,"Berkeley, CA","Set 1: Jack Straw, Bertha, Me And My Uncle, Big River, To Lay Me Down, Little Red Rooster, Loser, Passenger, Ramble On Rose, Let It Grow, Might As Well; Set 2: Cold Rain And Snow, Samson And Delilah, It Must Have Been The Roses, Lost Sailor, Saint Of Circumstance, Terrapin Station, Never Trust A Woman, Drums, The Wheel, I Need A Miracle, Goin' Down The Road Feeling Bad, Sugar Magnolia; Set 3: (I Can't Get No) Satisfaction, Brokedown Palace",Grateful Dead
09/25/1981,Stabler Arena,"Bethlehem, PA","Set 1: New Minglewood Blues, Friend Of The Devil > El Paso, Peggy O > Little Red Rooster, Bird Song > Beat It On Down The Line, Cumberland Blues, Passenger, Althea, The Music Never Stopped; Set 2: Might As Well > Samson And Delilah, Scarlet Begonias > Fire On The Mountain, Never Trust A Woman > Lost Sailor > Saint Of Circumstance > Drums > Space > The Wheel > Sugar Magnolia > Black Peter > Around And Around > Sunshine Daydream; Set 3: U.S. Blues",Grateful Dead
09/26/1981,War Memorial Auditorium,"Buffalo, NY","Set 1: Shakedown Street > C.C. Rider, They Love Each Other, Cassidy, Jack A Roe, On The Road Again, Ramble On Rose, Looks Like Rain, Brown Eyed Women, Let It Grow > Don't Ease Me In; Set 2: Playing In The Band > Bertha > Estimated Prophet > Goin' Down The Road Feeling Bad > Drums > Not Fade Away > Morning Dew > Playing In The Band > One More Saturday Night; Set 3: Johnny B. Goode",Grateful Dead
09/27/1981,Capital Centre,"Landover`, MD","Set 1: Jack Straw, Alabama Getaway, The Promised Land, Candyman, Little Red Rooster, Althea, Me And My Uncle, Mexicali Blues, It Must Have Been The Roses, Lost Sailor, Saint Of Circumstance; Set 2: China Cat Sunflower, I Know You Rider, Man Smart (Woman Smarter), He's Gone, Truckin', Drums, Spanish Jam, Wharf Rat, I Need A Miracle, Good Lovin'; Set 3: It's All Over Now, Baby Blue",Grateful Dead
09/30/1981,The Playhouse,"Edinburgh, UK","Set 1: Alabama Getaway, Greatest Story Ever Told, They Love Each Other, Little Red Rooster, Candyman, Me And My Uncle, Big River, Loser, New Minglewood Blues, Althea, Let It Grow, Don't Ease Me In; Set 2: Feel Like A Stranger, Ship Of Fools, Samson And Delilah, Never Trust A Woman, Estimated Prophet, Eyes Of The World, Drums, The Other One, Stella Blue, Good Lovin'; Set 3: U.S. Blues",Grateful Dead
10/02/1981,Rainbow Theater,"London, UK","Set 1: New Minglewood Blues, Sugaree, C.C. Rider, Cumberland Blues, Cassidy, Dire Wolf, Mama Tried, Mexicali Blues, Althea, Lost Sailor, Saint Of Circumstance; Set 2: Playing In The Band, Shakedown Street, Bertha, Drums, Spanish Jam, Truckin', Black Peter, Sugar Magnolia; Set 3: U.S. Blues",Grateful Dead
10/03/1981,Rainbow Theater,"London, UK","Set 1: Alabama Getaway, The Promised Land, Peggy O, Me And My Uncle, Big River, Tennessee Jed, Little Red Rooster, Bird Song, Looks Like Rain, China Cat Sunflower, I Know You Rider; Set 2: Feel Like A Stranger, Franklin's Tower, Estimated Prophet, Terrapin Station, Drums, Not Fade Away, Morning Dew, Around And Around, One More Saturday Night; Set 3: Brokedown Palace",Grateful Dead
10/04/1981,Rainbow Theater,"London, UK","Set 1: Jam, Jack Straw, Friend Of The Devil > El Paso, Jack A Roe, Beat It On Down The Line, Brown Eyed Women, New Minglewood Blues, Row Jimmy, Let It Grow > Deal; Set 2: Cold Rain And Snow > Samson And Delilah, Scarlet Begonias > Fire On The Mountain, Lost Sailor > Saint Of Circumstance > Drums > Space > The Other One > Wharf Rat > Sugar Magnolia; Set 3: Don't Ease Me In",Grateful Dead
10/06/1981,Rainbow Theater,"London, UK","Set 1: Shakedown Street, New Minglewood Blues, It Must Have Been The Roses, Little Red Rooster, Althea, Me And My Uncle, Mexicali Blues, Never Trust A Woman, Cumberland Blues, Looks Like Rain, Might As Well; Set 2: Man Smart (Woman Smarter), High Time, Estimated Prophet, He's Gone, Drums, The Wheel, Sugar Magnolia, Stella Blue, Good Lovin'; Set 3: Sunshine Daydream, Brokedown Palace",Grateful Dead
10/08/1981,The Forum Theater,"Copenhagen, DK","Set 1: Feel Like A Stranger, They Love Each Other > C.C. Rider, Cumberland Blues, Mama Tried > Mexicali Blues, Althea, Cassidy, Loser, The Music Never Stopped; Set 2: Scarlet Begonias > Fire On The Mountain, Playing In The Band > Terrapin Station > Drums > Space > Not Fade Away > Black Peter > Around And Around > Johnny B. Goode; Set 3: U.S. Blues",Grateful Dead
10/10/1981,Stadthalle IV,"Bremen, DE","Set 1: Shakedown Street, Bertha, New Minglewood Blues, Friend Of The Devil, El Paso, Tennessee Jed, Me And My Uncle, Big River, Bird Song, Let It Grow, Deal; Set 2: Man Smart (Woman Smarter), Sugaree, Lost Sailor, Saint Of Circumstance, Eyes Of The World, Drums, Truckin', The Other One, Wharf Rat, One More Saturday Night; Set 3: Casey Jones",Grateful Dead
10/11/1981,Club Melk Weg,,"Set 1: Monkey And The Engineer, I've Been All Around This World, Cassidy, On The Road Again, Bird Song; Set 2: Oh Babe It Ain't No Lie",Grateful Dead
10/12/1981,Olympiahalle,"Muenchen, DE","Set 1: Jack Straw, Candyman, Little Red Rooster, Cumberland Blues, Beat It On Down The Line, Ramble On Rose, Mama Tried, Mexicali Blues, Althea, Passenger, China Cat Sunflower, I Know You Rider; Set 2: Bertha, Samson And Delilah, Ship Of Fools, Estimated Prophet, Goin' Down The Road Feeling Bad, Never Trust A Woman, Drums, Stella Blue, Around And Around, Good Lovin'; Set 3: U.S. Blues",Grateful Dead
10/13/1981,Walter Koebel Halle,"Ruesselsheim, DE","Set 1: Alabama Getaway, Greatest Story Ever Told, They Love Each Other, C.C. Rider, Peggy O, Cassidy, To Lay Me Down, New Minglewood Blues, Bird Song, Looks Like Rain, Don't Ease Me In; Set 2: Cold Rain And Snow, Lost Sailor, Saint Of Circumstance, Drums, Spanish Jam, The Wheel, Sugar Magnolia, Black Peter, Sunshine Daydream; Set 3: (I Can't Get No) Satisfaction",Grateful Dead
10/15/1981,Melk Weg,"Amsterdam, NL","Set 1: New Minglewood Blues, They Love Each Other, El Paso, Friend Of The Devil, Little Red Rooster, Althea, Beat It On Down The Line, Far From Me, Alabama Getaway, The Promised Land; Set 2: Man Smart (Woman Smarter), He's Gone, Spoonful, Drums, The Other One, Wharf Rat, Around And Around, Johnny B. Goode; Set 3: It's All Over Now, Baby Blue",Grateful Dead
10/16/1981,Melk Weg,"Amsterdam, NL","Set 1: On The Road Again, Dire Wolf, Monkey And The Engineer, Bird Song, Cassidy, Oh Babe It Ain't No Lie, The Race Is On, Ripple; Set 2: Playing In The Band, (Baby) Hully Gully, The Wheel, Samson And Delilah, Gloria, Turn On Your Lovelight, Goin' Down The Road Feeling Bad, Playing In The Band, Black Peter, Sugar Magnolia",Grateful Dead
10/17/1981,The Hippodrome,"Paris, FR","Set 1: Shakedown Street, New Minglewood Blues, Candyman, Me And My Uncle, Big River, Althea, Little Red Rooster, Brown Eyed Women, Looks Like Rain, Don't Ease Me In; Set 2: Truckin', Bird Song, Good Times, Estimated Prophet, Eyes Of The World, Drums, Not Fade Away, Morning Dew, Around And Around, One More Saturday Night; Set 3: U.S. Blues",Grateful Dead
10/19/1981,Sports Palace,"Barcelona, ES","Set 1: Jack Straw > Franklin's Tower, Mama Tried > Mexicali Blues, Loser > C.C. Rider, Tennessee Jed, Passenger, Althea > Let It Grow; Set 2: Scarlet Begonias > Fire On The Mountain > Lost Sailor > Saint Of Circumstance > Space > Drums, Space > Spanish Jam > The Other One > Stella Blue > Sugar Magnolia; Set 3: Don't Ease Me In",Grateful Dead
11/29/1981,Pittsburgh Civic Arena,"Pittsburgh, PA","Set 1: Shakedown Street, Greatest Story Ever Told, Friend Of The Devil, C.C. Rider, Candyman, Me And My Uncle, Big River, Althea, Looks Like Rain, Might As Well; Set 2: Samson And Delilah, Ship Of Fools, Lost Sailor, Saint Of Circumstance, He's Gone, Drums, Truckin', Black Peter, (I Can't Get No) Satisfaction; Set 3: U.S. Blues",Grateful Dead
11/30/1981,Hara Arena,"Dayton, OH",,Grateful Dead
12/02/1981,Assembly Hall,"Champaign-Urbana, IL","Set 1: Bertha, Greatest Story Ever Told, Peggy O, Mama Tried, Mexicali Blues, Brown Eyed Women, Passenger, Never Trust A Woman, Cumberland Blues, Looks Like Rain, China Cat Sunflower, I Know You Rider; Set 2: Feel Like A Stranger, Franklin's Tower, Lost Sailor, Saint Of Circumstance, Terrapin Station, Drums, Not Fade Away, Stella Blue, Around And Around, Good Lovin'; Set 3: Don't Ease Me In",Grateful Dead
12/03/1981,Dane County Coliseum,"Madison, WI","Set 1: Jack Straw, They Love Each Other, Me And My Uncle > Big River, Loser, C.C. Rider, Althea > Beat It On Down The Line > Cassidy, Deep Elem Blues, I Need A Miracle > Bertha; Set 2: Scarlet Begonias > Fire On The Mountain > Estimated Prophet > He's Gone > Drums > Space > Spanish Jam > Truckin' > Black Peter > Around And Around > Johnny B. Goode; Set 3: It's All Over Now, Baby Blue",Grateful Dead
12/05/1981,Market Square Arena,"Indianapolis, IN","Set 1: Alabama Getaway, The Promised Land, Friend Of The Devil, C.C. Rider, Cumberland Blues, El Paso, Ramble On Rose, Passenger, Bird Song, Let It Grow; Set 2: Shakedown Street, Lost Sailor, Saint Of Circumstance, Big Railroad Blues, Playing In The Band, Drums, The Wheel, Playing In The Band, Stella Blue, Sugar Magnolia; Set 3: One More Saturday Night",Grateful Dead
12/06/1981,Rosemont Horizon,"Rosemont, IL","Set 1: New Minglewood Blues, Sugaree, Mama Tried, Mexicali Blues, Candyman, Little Red Rooster, Tennessee Jed, Looks Like Rain, Jack A Roe, Beat It On Down The Line, China Cat Sunflower, I Know You Rider; Set 2: Samson And Delilah, To Lay Me Down, Estimated Prophet, Eyes Of The World, Drums, Not Fade Away, Wharf Rat, Good Lovin'; Set 3: Brokedown Palace",Grateful Dead
12/07/1981,Des Moines Civic Center,"Des Moines, IA","Set 1: Bertha, Greatest Story Ever Told, Friend Of The Devil, C.C. Rider, Dire Wolf, Me And My Uncle, Big River, Deep Elem Blues, Cassidy, Althea, The Music Never Stopped; Set 2: Mississippi Half Step Uptown Toodeloo, Franklin's Tower, Lost Sailor, Saint Of Circumstance, Drums, Truckin', Nobody's Fault But Mine Jam, Black Peter, Sugar Magnolia; Set 3: Don't Ease Me In",Grateful Dead
12/09/1981,Events Center,"Boulder, CO","Set 1: Cold Rain And Snow, Jack Straw, Friend Of The Devil > Little Red Rooster, Bird Song, Mama Tried > Mexicali Blues, Candyman, Cassidy, Looks Like Rain > China Cat Sunflower > I Know You Rider; Set 2: Scarlet Begonias > Fire On The Mountain, Estimated Prophet > He's Gone > Drums > Space > The Other One > Stella Blue > Around And Around > Good Lovin'; Set 3: U.S. Blues > (I Can't Get No) Satisfaction",Grateful Dead
12/12/1981,Fiesta Hall,"San Mateo, CA","Set 1: Me And Bobby Mcgee, Children Of The Eighties, Lucifer's Eyes, Warriors Of The Sun, Bye Bye Love, Barbara Allen, You Won't Find Me, Where Have The Heroes Gone, Oh Boy, Lady Di And I, The Boxer; Set 2: New Minglewood Blues, Little Red Rooster, Deep Elem Blues, Me And My Uncle, Mexicali Blues, Dire Wolf, Cold Rain And Snow, Around And Around, One More Saturday Night; Set 3: It's All Over Now, Baby Blue",Grateful Dead
12/26/1981,Oakland Auditorium Arena,"Oakland, CA","Set 1: Alabama Getaway > The Promised Land, Candyman, Little Red Rooster, Big Boss Man, Me And My Uncle > Big River, Bird Song, It's All Over Now, Big Railroad Blues, Let It Grow; Set 2: Scarlet Begonias > Fire On The Mountain, Estimated Prophet > He's Gone > Drums > Space > The Eleven Jam > Truckin' > Black Peter > Around And Around > One More Saturday Night; Set 3: Don't Ease Me In",Grateful Dead
12/27/1981,Oakland Auditorium Arena,"Oakland, CA","Set 1: New Minglewood Blues, Sugaree, Cassidy, Deep Elem Blues, C.C. Rider, Friend Of The Devil, Passenger, Althea, Looks Like Rain, Deal; Set 2: Samson And Delilah, To Lay Me Down, Playing In The Band, Drums, The Wheel, Playing In The Band, Wharf Rat, Sugar Magnolia; Set 3: It's All Over Now, Baby Blue",Grateful Dead
12/28/1981,Oakland Auditorium Arena,"Oakland, CA","Set 1: Bertha, Greatest Story Ever Told, Peggy O, El Paso, Loser, Mama Tried, Mexicali Blues, Tennessee Jed, Beat It On Down The Line, Never Trust A Woman, Lost Sailor, Saint Of Circumstance; Set 2: China Cat Sunflower, I Know You Rider, Man Smart (Woman Smarter), Ship Of Fools, Eyes Of The World, Drums, The Other One, Stella Blue, Around And Around, Good Lovin'; Set 3: U.S. Blues",Grateful Dead
12/30/1981,Oakland Auditorium Arena,"Oakland, CA","Set 1: Jack Straw, They Love Each Other, On The Road Again, Dire Wolf, Little Red Rooster, Cumberland Blues, It's All Over Now, Althea, Lazy Lightnin', Supplication, Might As Well; Set 2: Me And Bobby Mcgee, Lady Di And I, Barbara Allen; Set 3: Feel Like A Stranger, Ramble On Rose, Estimated Prophet, Drums, Not Fade Away, Black Peter, Johnny B. Goode; Set 4: Casey Jones",Grateful Dead
12/31/1981,Oakland Auditorium Arena,"Oakland, CA","Set 1: Me And Bobby Mcgee, Bye Bye Love, Lucifer's Eyes, Children Of The Eighties, Banks Of The Ohio; Set 2: Shakedown Street, Me And My Uncle, Mexicali Blues, Cold Rain And Snow, C.C. Rider, It Must Have Been The Roses, Beat It On Down The Line, Big Boss Man, New Minglewood Blues, Don't Ease Me In; Set 3: Iko Iko, Playing In The Band, Terrapin Station, Playing In The Band, Drums, The Other One, Not Fade Away, Goin' Down The Road Feeling Bad, Morning Dew; Set 4: Dark Star, Bertha, Good Lovin', It's All Over Now, Baby Blue",Grateful Dead
