Date,Venue Name,Venue Location,Set List,Performers
01/02/1969,Fillmore West,"San Francisco, CA",,Grateful Dead
01/04/1969,Fillmore West,"San Francisco, CA",,Grateful Dead
01/05/1969,Fillmore West,"San Francisco, CA",,Grateful Dead
01/17/1969,Robertson Gym,"Santa Barbara, CA","Turn On Your Lovelight, Dark Star > Saint Stephen > The Eleven > Death Don't Have No Mercy, Cryptical Envelopment > The Other One > Cryptical Envelopment > Cosmic Charlie",Grateful Dead
01/25/1969,Avalon Ballroom,"San Francisco, CA","Set 1: Dark Star > Saint Stephen > The Eleven > Turn On Your Lovelight; Set 2: Dupree's Diamond Blues > Doin' That Rag > Cosmic Charlie, Alligator > Drums > Alligator > Caution (Do Not Stop On Tracks) > Feedback > And We Bid You Good Night",Grateful Dead
01/26/1969,Avalon Ballroom,"San Francisco, CA",Set 1: Cryptical Envelopment > Drums > The Other One > Cryptical Envelopment > Clementine > Death Don't Have No Mercy; Set 2: Dark Star > Saint Stephen > The Eleven > Turn On Your Lovelight,Grateful Dead
01/31/1969,The Kinetic Playground,"Chicago, IL",,Grateful Dead
02/01/1969,The Kinetic Playground,"Chicago, IL",,Grateful Dead
02/02/1969,Labor Temple,"Minneapolis, MN","Good Morning Little Schoolgirl, Dark Star > Saint Stephen > The Eleven > Death Don't Have No Mercy, Cryptical Envelopment > Drums > The Other One > Cryptical Envelopment > Turn On Your Lovelight",Grateful Dead
02/05/1969,The Music Box,"Omaha, NE","Turn On Your Lovelight, Cryptical Envelopment > The Other One > Cryptical Envelopment > Dark Star > Saint Stephen > The Eleven > Caution (Do Not Stop On Tracks) > Feedback > And We Bid You Good Night",Grateful Dead
02/06/1969,Kiel Auditorium,"St. Louis, MO","Morning Dew, Dark Star > Saint Stephen > The Eleven > Turn On Your Lovelight > Drums > Turn On Your Lovelight, Cryptical Envelopment > Drums > The Other One > Cryptical Envelopment > Feedback > And We Bid You Good Night",Grateful Dead
1969/02/07/0,Stanley Theatre,"Pittsburgh, PA",Dark Star > Saint Stephen > The Eleven > Turn On Your Lovelight,Grateful Dead
1969/02/07/1,Stanley Theatre,"Pittsburgh, PA","Cryptical Envelopment > Drums > The Other One > Cryptical Envelopment > Death Don't Have No Mercy, Alligator > Drums > Jam > China Cat Sunflower Jam > Jam > Caution (Do Not Stop On Tracks) > Feedback > And We Bid You Good Night",Grateful Dead
02/09/1969,The Lyric Theater,"Baltimore, MD",,Grateful Dead
1969/02/11/0,Fillmore East,"New York, NY",,Grateful Dead
1969/02/11/1,Fillmore East,"New York, NY","Good Morning Little Schoolgirl, Cryptical Envelopment > The Other One > Cryptical Envelopment > Doin' That Rag, I'm A King Bee, Turn On Your Lovelight, Hey Jude",Grateful Dead
02/12/1969,Fillmore East,"New York, NY","Dark Star > Saint Stephen > The Eleven > Death Don't Have No Mercy, Alligator > Drums > Drummers' Chant > Alligator > Caution (Do Not Stop On Tracks) > Feedback > And We Bid You Good Night",Grateful Dead
02/14/1969,Electric Factory,"Philadelphia, PA","Set 1: Good Morning Little Schoolgirl, Dark Star > Saint Stephen > The Eleven > Turn On Your Lovelight; Set 2: Morning Dew, Cryptical Envelopment > Drums > The Other One > Cryptical Envelopment > Death Don't Have No Mercy",Grateful Dead
02/19/1969,Fillmore West,"San Francisco, CA","Set 1: Turn On Your Lovelight > Drums > Not Fade Away > Turn On Your Lovelight, Jam; Set 2: Playing In The Band > Jam > Dark Star Jam > The Other One Jam",Grateful Dead
02/21/1969,Dream Bowl,"Napa, CA","Set 1: Good Morning Little Schoolgirl, Doin' That Rag, Dark Star > Saint Stephen > The Eleven > Turn On Your Lovelight; Set 2: Morning Dew",Grateful Dead
02/22/1969,Dream Bowl,"Napa, CA",Set 1: Dupree's Diamond Blues > Mountains Of The Moon > Jam > Dark Star > Cryptical Envelopment > Drums > The Other One > Cryptical Envelopment > Death Don't Have No Mercy; Set 2: Doin' That Rag > Saint Stephen > The Eleven > Turn On Your Lovelight > Drums > Turn On Your Lovelight,Grateful Dead
02/26/1969,The Matrix,"San Francisco, CA",,Grateful Dead
02/27/1969,Fillmore West,"San Francisco, CA","Set 1: Good Morning Little Schoolgirl, Doin' That Rag, Cryptical Envelopment > Drums > The Other One > Cryptical Envelopment; Set 2: Dupree's Diamond Blues > Mountains Of The Moon > Jam > Dark Star > Saint Stephen > The Eleven > Turn On Your Lovelight > Drums > Turn On Your Lovelight; Set 3: Cosmic Charlie",Grateful Dead
02/28/1969,Fillmore West,"San Francisco, CA","Set 1: Morning Dew, Good Morning Little Schoolgirl, Doin' That Rag, I'm A King Bee, Turn On Your Lovelight; Set 2: Cryptical Envelopment > Drums > The Other One > Cryptical Envelopment > Dark Star > Saint Stephen > The Eleven > Death Don't Have No Mercy, Alligator > Drums > Caution (Do Not Stop On Tracks) > Feedback > And We Bid You Good Night",Grateful Dead
03/01/1969,Fillmore West,"San Francisco, CA","Set 1: Cryptical Envelopment > Drums > The Other One > Cryptical Envelopment > New Potato Caboose > Doin' That Rag > Cosmic Charlie; Set 2: Dupree's Diamond Blues, Mountains Of The Moon > Jam, Dark Star > Saint Stephen > The Eleven > Turn On Your Lovelight; Set 3: Hey Jude",Grateful Dead
03/02/1969,Fillmore West,"San Francisco, CA","Set 1: Dark Star > Saint Stephen > The Eleven > Turn On Your Lovelight; Set 2: Doin' That Rag > Cryptical Envelopment > Drums > The Other One > Cryptical Envelopment > Space > Death Don't Have No Mercy, Morning Dew, Alligator > Drums > Jam > And We Bid You Good Night Jam > Jam > Caution (Do Not Stop On Tracks) Jam > Caution (Do Not Stop On Tracks) > Feedback > And We Bid You Good Night",Grateful Dead
03/12/1969,Fillmore West,"San Francisco, CA",,Grateful Dead
03/15/1969,Hilton Hotel,"San Francisco, CA","Hard To Handle, Good Morning Little Schoolgirl, Dark Star > Saint Stephen > The Eleven > Turn On Your Lovelight",Grateful Dead
03/21/1969,Rose Palace,"Pasadena, CA",,Grateful Dead
03/22/1969,Rose Palace,"Pasadena, CA","Good Morning Little Schoolgirl, Dark Star > Saint Stephen > The Eleven > Turn On Your Lovelight",Grateful Dead
03/28/1969,Student Center,"Modesto, CA","Good Morning Little Schoolgirl, Dark Star > Saint Stephen > The Eleven > Death Don't Have No Mercy > Turn On Your Lovelight, Cryptical Envelopment > Drums > The Other One > Cryptical Envelopment",Grateful Dead
03/29/1969,Ice Palace,"Las Vegas, NV","Morning Dew, Good Morning Little Schoolgirl, Doin' That Rag, Dark Star > Saint Stephen > The Eleven > Turn On Your Lovelight",Grateful Dead
04/04/1969,Avalon Ballroom,"San Francisco, CA","Set 1: Good Morning Little Schoolgirl, Doin' That Rag, Cryptical Envelopment > Drums > The Other One > Cryptical Envelopment > Death Don't Have No Mercy; Set 2: Turn On Your Lovelight, Dark Star > Saint Stephen > The Eleven > Feedback",Grateful Dead
04/06/1969,Avalon Ballroom,"San Francisco, CA","Set 1: Good Morning Little Schoolgirl, Beat It On Down The Line, It's All Over Now, Baby Blue, I'm A King Bee; Set 2: Cryptical Envelopment > Drums > The Other One > Cryptical Envelopment > Death Don't Have No Mercy, Turn On Your Lovelight, Viola Lee Blues",Grateful Dead
04/11/1969,University Auditorium,"Tucson, AZ","Set 1: Morning Dew > Sittin' On Top Of The World > The Other One > Cryptical Envelopment > It's A Sin, Hard To Handle; Set 2: Dark Star > Saint Stephen > The Eleven > Turn On Your Lovelight",Grateful Dead
04/12/1969,Student Union Ballroom,"Salt Lake City, UT","Set 1: Morning Dew, Good Morning Little Schoolgirl, Doin' That Rag, He Was A Friend Of Mine, Cryptical Envelopment > The Other One; Set 2: Dark Star > Saint Stephen > The Eleven > Turn On Your Lovelight > Feedback",Grateful Dead
04/13/1969,Glenn Miller Ballroom,"Boulder, CO","Set 1: Turn On Your Lovelight, Doin' That Rag, Good Morning Little Schoolgirl, Morning Dew > Dark Star > Saint Stephen > The Eleven > Death Don't Have No Mercy; Set 2: Alligator > Drums > Caution (Do Not Stop On Tracks) Jam > And We Bid You Good Night Jam",Grateful Dead
04/15/1969,The Music Box,"Omaha, NE","Set 1: Hard To Handle, Morning Dew, It Hurts Me Too, China Cat Sunflower > Jam > Doin' That Rag > It's A Sin, Turn On Your Lovelight; Set 2: Sittin' On Top Of The World > The Other One > Dark Star > Saint Stephen > The Eleven",Grateful Dead
04/17/1969,Washington University,"St. Louis, MO",Hard To Handle > Morning Dew > Good Morning Little Schoolgirl > Dark Star > Saint Stephen > It's A Sin > Saint Stephen > The Eleven > Turn On Your Lovelight > Cryptical Envelopment > The Other One > Cryptical Envelopment > Caution (Do Not Stop On Tracks),Grateful Dead
04/18/1969,Memorial Union Ballroom,"West Lafayette, IN","Hard To Handle, Morning Dew, Cryptical Envelopment > Drums > The Other One > Cryptical Envelopment > Sittin' On Top Of The World > I'm A King Bee, Doin' That Rag, Turn On Your Lovelight, Cosmic Charlie, Beat It On Down The Line",Grateful Dead
04/20/1969,Atwood Hall,"Worcester, MA","Set 1: Morning Dew > Good Morning Little Schoolgirl > Doin' That Rag > Dark Star > Saint Stephen > The Eleven > Death Don't Have No Mercy, Turn On Your Lovelight; Set 2: Dupree's Diamond Blues > Mountains Of The Moon",Grateful Dead
04/21/1969,The Ark,"Boston, MA","Set 1: Hard To Handle, Morning Dew, Cryptical Envelopment > Drums > The Other One > Cryptical Envelopment > Sittin' On Top Of The World, Alligator > Drums > Jam > Doin' That Rag; Set 2: Foxy Lady Jam, Dark Star > Saint Stephen > The Eleven > Turn On Your Lovelight > Drums > Turn On Your Lovelight > Drums > Turn On Your Lovelight; Set 3: Viola Lee Blues > Feedback",Grateful Dead
04/22/1969,The Ark,"Boston, MA","Set 1: Sittin' On Top Of The World, Morning Dew, Beat It On Down The Line > Good Morning Little Schoolgirl, Doin' That Rag, Cryptical Envelopment > Drums > The Other One > Cryptical Envelopment > Death Don't Have No Mercy; Set 2: Dupree's Diamond Blues > Mountains Of The Moon > Jam > Dark Star > Saint Stephen > The Eleven > Turn On Your Lovelight > Drums > Turn On Your Lovelight",Grateful Dead
04/23/1969,The Ark,"Boston, MA","Set 1: He Was A Friend Of Mine, Dark Star > Saint Stephen > It's A Sin > Saint Stephen > Cryptical Envelopment > Drums > The Other One > Cryptical Envelopment > Sittin' On Top Of The World > Turn On Your Lovelight; Set 2: Morning Dew, Hard To Handle, Doin' That Rag, Alligator > Drums > Jam > The Eleven > Jam > Caution (Do Not Stop On Tracks) > Feedback > And We Bid You Good Night; Set 3: It's All Over Now, Baby Blue",Grateful Dead
04/25/1969,Electric Theater,"Chicago, IL","Hard To Handle, Doin' That Rag, Good Morning Little Schoolgirl, Morning Dew, Turn On Your Lovelight",Grateful Dead
04/26/1969,Electric Theater,"Chicago, IL","Set 1: Dupree's Diamond Blues, Mountains Of The Moon > Dark Star Jam > China Cat Sunflower > Doin' That Rag, It Hurts Me Too > Hard To Handle, Cryptical Envelopment > Drums > The Other One > The Eleven Jam > The Other One > It's A Sin, Morning Dew, Sittin' On Top Of The World, New Minglewood Blues, Silver Threads And Golden Needle, It's All Over Now, Baby Blue, Saint Stephen > Turn On Your Lovelight; Set 2: Drums > Viola Lee Blues > Caution (Do Not Stop On Tracks) Jam > Viola Lee Blues > Feedback > What's Become Of The Baby > Feedback > And We Bid You Good Night",Grateful Dead
04/27/1969,Labor Temple,"Minneapolis, MN","Set 1: Turn On Your Lovelight > Me And My Uncle > Jam > Sittin' On Top Of The World, Dark Star > Saint Stephen > The Eleven > Turn On Your Lovelight; Set 2: Morning Dew",Grateful Dead
05/02/1969,Sierra College,"Rocklin, CA",,Grateful Dead
1969/05/03/0,Winterland Arena,"San Francisco, CA",,Grateful Dead
1969/05/03/1,Winterland Arena,"San Francisco, CA","He Was A Friend Of Mine, Cryptical Envelopment > Drums > The Other One > Cryptical Envelopment > Doin' That Rag, Me And My Uncle",Grateful Dead
05/07/1969,Polo Field,"San Francisco, CA","He Was A Friend Of Mine, Cryptical Envelopment > Drums > The Other One > Cryptical Envelopment > Doin' That Rag, Me And My Uncle",Grateful Dead
05/08/1969,Unknown Location,"Unknown Location, CA",,Grateful Dead
05/09/1969,Hall Of Flowers,"San Mateo, CA",,Grateful Dead
05/10/1969,Rose Palace,"Pasadena, CA","Hard To Handle, Me And My Uncle, Morning Dew, Doin' That Rag, Dark Star > Saint Stephen > The Eleven > Turn On Your Lovelight",Grateful Dead
05/11/1969,Aztec Bowl,"San Diego, CA",,Grateful Dead
05/16/1969,Campolindo High School,"Moraga, CA","Good Morning Little Schoolgirl, Doin' That Rag, Me And My Uncle, Hard To Handle, Turn On Your Lovelight",Grateful Dead
05/23/1969,Seminole Indian Village,"West Hollywood, FL","Hard To Handle, Morning Dew, Me And My Uncle, Dark Star > Saint Stephen > The Eleven > Turn On Your Lovelight",Grateful Dead
05/24/1969,Seminole Indian Village,"West Hollywood, FL","Turn On Your Lovelight, Doin' That Rag > He Was A Friend Of Mine > China Cat Sunflower > Jam > The Eleven > Death Don't Have No Mercy, Alligator > Drums > Saint Stephen > Feedback > And We Bid You Good Night",Grateful Dead
05/28/1969,Winterland Arena,"San Francisco, CA","Smokestack Lightnin', The Other One > Turn On Your Lovelight",Grateful Dead
05/29/1969,Robertson Gym,"Santa Barbara, CA","Morning Dew, Cryptical Envelopment > Drums > The Other One > Cryptical Envelopment > Good Morning Little Schoolgirl > Me And My Uncle > Alligator > Drums > Jam > Drums > Jam > Drums > Turn On Your Lovelight",Grateful Dead
05/30/1969,Springer's Inn,"Portland, OR","Morning Dew, Me And My Uncle, Doin' That Rag, I'm A King Bee, Dark Star > Cosmic Charlie, Saint Stephen > The Eleven > Turn On Your Lovelight",Grateful Dead
05/31/1969,McArthur Court,"Eugene, OR","Set 1: Hard To Handle, Cold Rain And Snow, Green Green Grass Of Home, Me And My Uncle, Cryptical Envelopment > Drums > The Other One > Cryptical Envelopment > Sittin' On Top Of The World, It Hurts Me Too, Turn On Your Lovelight; Set 2: He Was A Friend Of Mine, Dark Star > Doin' That Rag > Cosmic Charlie; Set 3: It's All Over Now, Baby Blue, And We Bid You Good Night",Grateful Dead
06/05/1969,Fillmore West,"San Francisco, CA","Set 1: Morning Dew, Me And My Uncle, Doin' That Rag > He Was A Friend Of Mine, Hard To Handle, Cosmic Charlie, Cryptical Envelopment > Drums > The Other One > Cryptical Envelopment; Set 2: China Cat Sunflower > Jam > Sittin' On Top Of The World > Dark Star > Saint Stephen > The Eleven > Turn On Your Lovelight",Grateful Dead
06/06/1969,Fillmore West,"San Francisco, CA","Smokestack Lightnin', Green Green Grass Of Home, Me And My Uncle, Checkin' Up, Beat It On Down The Line, Turn On Your Lovelight",Grateful Dead
06/07/1969,Fillmore West,"San Francisco, CA","Dire Wolf, Dupree's Diamond Blues, Mountains Of The Moon > Dark Star > Saint Stephen > The Eleven > Sittin' On Top Of The World > Cold Rain And Snow > Doin' That Rag, Me And My Uncle, Turn On Your Lovelight",Grateful Dead
06/08/1969,Fillmore West,"San Francisco, CA","Set 1: Dancing In The Street > He Was A Friend Of Mine > China Cat Sunflower > Jam > New Potato Caboose, Me And My Uncle; Set 2: Turn On Your Lovelight, The Things I Used To Do, Who's Lovin' You Tonight, Cryptical Envelopment > Drums > The Other One > Cosmic Charlie",Grateful Dead
06/11/1969,California Hall,"San Francisco, CA","Set 1: Let It Be Me, Silver Threads And Golden Needle, Mama Tried, Cathy's Clown, Me And My Uncle, Ol' Slewfoot, Dire Wolf, Games People Play, The Race Is On, Green Green Grass Of Home; Set 2: Tiger By The Tail, I've Just Seen A Face, All I Have To Do Is Dream, Wabash Cannonball, Railroading The Great Divide",Grateful Dead
06/13/1969,Fresno Convention Center,"Fresno, CA","Hard To Handle, Me And My Uncle, Sittin' On Top Of The World, Beat It On Down The Line, Good Morning Little Schoolgirl, China Cat Sunflower > Jam > Morning Dew, Saint Stephen > The Eleven > Turn On Your Lovelight",Grateful Dead
06/14/1969,Monterey Peninsula College,"Monterey, CA","Turn On Your Lovelight > Me And My Uncle > Doin' That Rag > He Was A Friend Of Mine > Dire Wolf, Dark Star > Saint Stephen > The Eleven > Turn On Your Lovelight > Drums > Turn On Your Lovelight",Grateful Dead
06/20/1969,Fillmore East,"New York, NY",,Grateful Dead
1969/06/21/0,Fillmore East,"New York, NY","Set 1: Green Green Grass Of Home, Me And My Uncle, High Time, China Cat Sunflower > Jam > Morning Dew > Alligator > Drums > Jam > The Other One > Cryptical Envelopment > Ol' Slewfoot; Set 2: Cosmic Charlie",Grateful Dead
1969/06/21/1,Fillmore East,"New York, NY","Old, Old House, Sittin' On Top Of The World, I'm A King Bee, Dire Wolf, Mama Tried, High Time, Dupree's Diamond Blues, Dark Star > Saint Stephen > The Eleven > Turn On Your Lovelight",Grateful Dead
06/22/1969,Central Park,"New York, NY","Dancing In The Street, Jam > Casey Jones, Hard To Handle, Me And My Uncle, Sittin' On Top Of The World, Silver Threads And Golden Needle, Dark Star > The Other One > Saint Stephen > It's A Sin, Turn On Your Lovelight",Grateful Dead
06/27/1969,Veterans Auditorium,"Santa Rosa, CA","Set 1: Ol' Slewfoot, Mama Tried > High Time, Dupree's Diamond Blues, Me And My Uncle, Jam > Casey Jones, Dire Wolf, Sittin' On Top Of The World > Big Boss Man, Dark Star > Saint Stephen > The Eleven > Green Green Grass Of Home; Set 2: It's All Over Now, Baby Blue",Grateful Dead
06/28/1969,Veterans Auditorium,"Santa Rosa, CA","Ol' Slewfoot, Silver Threads And Golden Needle, Mama Tried, Me And My Uncle, Doin' That Rag > High Time, I'm A King Bee, Sittin' On Top Of The World, Turn On Your Lovelight",Grateful Dead
06/29/1969,The Barn,"Rio Nido, CA",,Grateful Dead
07/03/1969,Reed's Ranch,"Colorado Springs, CO","Green Green Grass Of Home > Ol' Slewfoot, Sittin' On Top Of The World, Morning Dew, High Time, Me And My Uncle, Casey Jones, Mama Tried, Hard To Handle, He Was A Friend Of Mine, Turn On Your Lovelight",Grateful Dead
07/04/1969,Electric Theater,"Chicago, IL","Hard To Handle, Mama Tried, Ol' Slewfoot, Silver Threads And Golden Needle, Cryptical Envelopment > Drums > The Other One > High Time > Casey Jones, I'm A King Bee, Sittin' On Top Of The World > Me And My Uncle, Doin' That Rag, Let Me In, Dire Wolf, Saint Stephen > Turn On Your Lovelight",Grateful Dead
07/05/1969,Electric Theater,"Chicago, IL","Set 1: Morning Dew, Dark Star > Saint Stephen > The Eleven > It's All Over Now, Baby Blue; Set 2: China Cat Sunflower > Jam > High Time > Mama Tried, Hard To Handle, Casey Jones, Turn On Your Lovelight",Grateful Dead
07/07/1969,Piedmont Park,"Atlanta, GA","Morning Dew, Mama Tried > High Time > Casey Jones, Dark Star > Saint Stephen > The Eleven > Turn On Your Lovelight",Grateful Dead
07/08/1969,Rock Pile,"Toronto, CA","Green Green Grass Of Home > El Paso > Cryptical Envelopment > Drums > The Other One > Cryptical Envelopment, Casey Jones, Morning Dew",Grateful Dead
07/10/1969,Gallagher Estate,"Norwalk, CT",,Grateful Dead
07/11/1969,NY State Pavilion,"Queens, NY","The Story Of A Brick, Dupree's Diamond Blues, Dire Wolf, Hard To Handle, Silver Threads And Golden Needle, Casey Jones, Sittin' On Top Of The World, Big Boss Man, Mama Tried, High Time, Drums, Alligator, Drums > Jam, And We Bid You Good Night Jam, Jam, The Other One, Death Don't Have No Mercy, Turn On Your Lovelight",Grateful Dead
07/12/1969,NY State Pavilion,"Queens, NY","Green Green Grass Of Home, Ol' Slewfoot, Mountains Of The Moon, Doin' That Rag, China Cat Sunflower, Jam, Mama Tried, High Time, Dark Star, The Other One, Saint Stephen, The Eleven, Turn On Your Lovelight",Grateful Dead
07/16/1969,Longshoreman's Hall,"San Francisco, CA",,Grateful Dead
08/02/1969,Family Dog at the Great Highway,"San Francisco, CA","Casey Jones, Hard To Handle, Mama Tried, High Time, Seasons Of My Heart, Ol' Slewfoot, Big Boss Man, Cryptical Envelopment > Drums > The Other One > Cryptical Envelopment > Turn On Your Lovelight",Grateful Dead
08/03/1969,Family Dog at the Great Highway,"San Francisco, CA","Hard To Handle, Beat It On Down The Line, Hi-Heeled Sneakers, High Time, Mama Tried, Dark Star, Alligator > Drums > The Other One > Caution (Do Not Stop On Tracks) > And We Bid You Good Night",Grateful Dead
08/16/1969,Max Yasgur's Farm,"Bethel, NY","Saint Stephen > Mama Tried > Dark Star > High Time, Turn On Your Lovelight",Grateful Dead
08/21/1969,Green Lake Aqua Theatre,"Seattle, WA",,Grateful Dead
08/23/1969,Pelletier Farm,"St. Helens, OR","Set 1: Hard To Handle, Mama Tried, High Time, Casey Jones, Easy Wind, Sittin' On Top Of The World, Dark Star, Saint Stephen, The Eleven, Turn On Your Lovelight; Set 2: And We Bid You Good Night",Grateful Dead
08/24/1969,Paradise Valley Resort,"B.C., CA",,Grateful Dead
08/28/1969,Family Dog at the Great Highway,"San Francisco, CA","It's A Sin, Hi-Heeled Sneakers, Dark Star > The Eleven Jam > Dark Star",Grateful Dead
08/29/1969,Family Dog at the Great Highway,"San Francisco, CA","Casey Jones, Easy Wind, Me And My Uncle > High Time, New Orleans > Searchin' > Good Lovin' Jam > Good Lovin', Dire Wolf > I'm A King Bee, Turn On Your Lovelight",Grateful Dead
08/30/1969,Family Dog at the Great Highway,"San Francisco, CA","China Cat Sunflower > Jam > Doin' That Rag, Morning Dew, Easy Wind, Dark Star > Saint Stephen > The Eleven > Drums > High Time",Grateful Dead
09/01/1969,Baton Rouge Int. Speedway,"Prairieville, LA","Casey Jones, Morning Dew > Mama Tried > High Time, Easy Wind, Dark Star > Saint Stephen > The Eleven > Turn On Your Lovelight",Grateful Dead
09/06/1969,Family Dog at the Great Highway,"San Francisco, CA","Good Morning Little Schoolgirl, Doin' That Rag, He Was A Friend Of Mine, Big Boy Pete > Good Lovin', It's All Over Now",Grateful Dead
09/07/1969,Family Dog at the Great Highway,"San Francisco, CA","Peggy Sue, That'll Be The Day, Johnny B. Goode, Baby What You Want Me To Do, Wipe Out > Big Railroad Blues > Louie Louie > Twist And Shout > Blue Moon",Grateful Dead
09/26/1969,Fillmore East,"New York, NY",Dark Star > Saint Stephen > The Eleven > I'm A King Bee > Death Don't Have No Mercy,Grateful Dead
09/27/1969,Fillmore East,"New York, NY","Morning Dew, Mama Tried, Next Time You See Me, Casey Jones, China Cat Sunflower > Jam > High Time, Dire Wolf, Me And My Uncle",Grateful Dead
09/28/1969,Caf' au Go,"New York, NY","Doin' That Rag, The Seven, Good Lovin', Saint Stephen, The Eleven",Grateful Dead
09/29/1969,Caf' au Go,"New York, NY","Alligator, Drums, The Other One, China Cat Sunflower, I Know You Rider",Grateful Dead
09/30/1969,Caf' au Go,"New York, NY","China Cat Sunflower > Jam > I Know You Rider, Alligator > Drums > The Other One > Death Don't Have No Mercy",Grateful Dead
10/01/1969,Caf' au Go,"New York, NY",,Grateful Dead
10/02/1969,Boston Tea Party,"Boston, MA",,Grateful Dead
10/03/1969,Boston Tea Party,"Boston, MA",,Grateful Dead
10/04/1969,Sam Houston Coliseum,"Houston, TX",,Grateful Dead
10/06/1969,Family Dog at the Great Highway,"San Francisco, CA",,Grateful Dead
10/17/1969,"San Jose, Ca.","San Jose, CA",,Grateful Dead
10/23/1969,Winterland Arena,"San Francisco, CA","Casey Jones, Dire Wolf, High Time, Easy Wind, Hard To Handle, China Cat Sunflower, I Know You Rider, Cryptical Envelopment, Drums, The Other One, Cryptical Envelopment, Cosmic Charlie, Mama Tried, Good Lovin'",Grateful Dead
10/25/1969,Winterland Arena,"San Francisco, CA","High Time, Dark Star > Saint Stephen > The Eleven > Turn On Your Lovelight",Grateful Dead
10/26/1969,Winterland Arena,"San Francisco, CA","Jam, Hard To Handle, Cold Rain And Snow, Me And My Uncle, Next Time You See Me, Dire Wolf, Casey Jones, Easy Wind",Grateful Dead
10/31/1969,San Jose State University,"San Jose, CA","Casey Jones, Dire Wolf, It Hurts Me Too, Cryptical Envelopment > Drums > The Other One > Cryptical Envelopment > China Cat Sunflower > Jam > I Know You Rider, High Time, Sittin' On Top Of The World, Next Time You See Me > Easy Wind, Turn On Your Lovelight",Grateful Dead
11/01/1969,Family Dog at the Great Highway,"San Francisco, CA","Set 1: Morning Dew, Dire Wolf > Cold Rain And Snow, Hard To Handle, Mama Tried > High Time, Good Lovin' > Drums > Good Lovin', Easy Wind; Set 2: He Was A Friend Of Mine > China Cat Sunflower > Jam > I Know You Rider > Casey Jones, Alligator > Drums > Jam > And We Bid You Good Night Jam > Uncle John's Band Jam > Turn On Your Lovelight",Grateful Dead
11/02/1969,Family Dog at the Great Highway,"San Francisco, CA","Cold Rain And Snow, In The Midnight Hour, Seasons Of My Heart, Mama Tried, Next Time You See Me, Good Lovin', Big Boss Man, Casey Jones, Dancing In The Street, Dark Star > Saint Stephen > The Eleven > Death Don't Have No Mercy",Grateful Dead
11/07/1969,Fillmore Auditorium,"San Francisco, CA","Morning Dew, Mama Tried, Star Spangled Banner, Next Time You See Me, Good Lovin' > Drums > Good Lovin', China Cat Sunflower > Jam > I Know You Rider > Dark Star > Uncle John's Band Jam > Dark Star > Cryptical Envelopment > Drums > The Other One > Turn On Your Lovelight",Grateful Dead
11/08/1969,Fillmore Auditorium,"San Francisco, CA","Set 1: Good Morning Little Schoolgirl, Casey Jones, Dire Wolf, Easy Wind, China Cat Sunflower > Jam > I Know You Rider > High Time, Mama Tried, Good Lovin' > Drums > Good Lovin', Cumberland Blues; Set 2: Dark Star > The Other One > Dark Star > Uncle John's Band Jam > Dark Star > Saint Stephen > The Eleven > Caution (Do Not Stop On Tracks) > Jam > The Main Ten Jam > Caution (Do Not Stop On Tracks) > Space > Feedback > And We Bid You Good Night",Grateful Dead
11/14/1969,Lanai Theater,"Crockett, CA","Casey Jones, Me And My Uncle, Easy Wind, Cumberland Blues, China Cat Sunflower, I Know You Rider, High Time, Next Time You See Me, Mama Tried, Big Boss Man, Cosmic Charlie, Dire Wolf, Cold Rain And Snow, Good Lovin', Turn On Your Lovelight",Grateful Dead
11/21/1969,Building A,"Sacramento, CA","Set 1: Casey Jones, Good Morning Little Schoolgirl, Cold Rain And Snow, Cumberland Blues, Easy Wind; Set 2: Good Lovin' > Drums > Good Lovin', China Cat Sunflower > Jam > I Know You Rider, High Time, Me And My Uncle > Turn On Your Lovelight",Grateful Dead
12/04/1969,Fillmore West,"San Francisco, CA","Casey Jones, Black Peter, Big Boss Man, Me And My Uncle, Cumberland Blues, Dire Wolf > Dark Star > High Time, Good Morning Little Schoolgirl > Good Lovin' > Drums > Good Lovin', China Cat Sunflower > Jam > I Know You Rider, Uncle John's Band",Grateful Dead
12/05/1969,Fillmore West,"San Francisco, CA","Me And My Uncle > Casey Jones, Black Peter, Mama Tried, It Hurts Me Too, Cumberland Blues, Cryptical Envelopment > Drums > The Other One > The Eleven Jam > The Other One > Cryptical Envelopment > Cosmic Charlie > Dancing In The Street > Dire Wolf > China Cat Sunflower > Dancing In The Street, Dire Wolf, China Cat Sunflower > Jam > I Know You Rider > High Time > Uncle John's Band Jam > The Main Ten Jam > It's All Over Now, Baby Blue",Grateful Dead
12/07/1969,Fillmore West,"San Francisco, CA","Black Peter, Hard To Handle, Cumberland Blues, Mama Tried > Easy Wind, Dancing In The Street > Good Lovin' > Drums > Good Lovin', China Cat Sunflower > Jam > I Know You Rider > Saint Stephen > The Eleven > Turn On Your Lovelight",Grateful Dead
12/10/1969,Thelma Theater,"Los Angeles, CA","Set 1: China Cat Sunflower > I Know You Rider, Black Peter, Me And My Uncle, Cold Rain And Snow, Mama Tried > High Time, Easy Wind, Casey Jones, Good Morning Little Schoolgirl, Morning Dew, Black Queen > Turn On Your Lovelight; Set 2: Cryptical Envelopment > Drums > The Other One > Cryptical Envelopment > Cosmic Charlie",Grateful Dead
12/11/1969,Thelma Theater,"Los Angeles, CA","Set 1: Casey Jones, Cold Rain And Snow, Mama Tried, Dire Wolf, It Hurts Me Too, China Cat Sunflower > Jam > I Know You Rider > Black Peter, Me And My Uncle, Hard To Handle, Dark Star > Saint Stephen > The Eleven > Cumberland Blues; Set 2: Morning Dew, Next Time You See Me > Sittin' On Top Of The World, Beat It On Down The Line, Big Boss Man, Good Lovin' > Drums > Good Lovin', High Time, Dancing In The Street, Easy Wind, Cryptical Envelopment > Drums > The Other One > Cryptical Envelopment > Cosmic Charlie",Grateful Dead
12/12/1969,Thelma Theater,"Los Angeles, CA","Set 1: Cold Rain And Snow, Me And My Uncle, Easy Wind, Cumberland Blues, Black Peter, Next Time You See Me, China Cat Sunflower > Jam > I Know You Rider, Turn On Your Lovelight; Set 2: Hard To Handle, Casey Jones, Mama Tried > High Time, Dire Wolf, Good Lovin' > Drums > Good Lovin', I'm A King Bee, Uncle John's Band > Jam > He Was A Friend Of Mine > Alligator > Drums > Caution (Do Not Stop On Tracks) > And We Bid You Good Night Jam > Caution (Do Not Stop On Tracks) > Feedback > And We Bid You Good Night",Grateful Dead
12/13/1969,Swing Auditorium,"San Bernardino, CA","Casey Jones, Hard To Handle, Black Peter, Mama Tried > China Cat Sunflower > Jam > I Know You Rider > High Time, Good Lovin' > Drums > Good Lovin' > Cumberland Blues, Saint Stephen > Turn On Your Lovelight",Grateful Dead
12/19/1969,Fillmore Auditorium,"San Francisco, CA","Monkey And The Engineer, Little Sadie, Long Black Limousine, I've Been All Around This World, Mason's Children, Black Peter, Hard To Handle, Cumberland Blues, Casey Jones, Good Lovin' > Drums > Good Lovin', Cryptical Envelopment > Drums > The Other One > Cryptical Envelopment > Uncle John's Band > Turn On Your Lovelight",Grateful Dead
12/20/1969,Fillmore Auditorium,"San Francisco, CA","Set 1: Mason's Children, China Cat Sunflower > Jam > I Know You Rider > High Time; Set 2: The Eleven > New Speedway Boogie > Turn On Your Lovelight",Grateful Dead
12/21/1969,Fillmore Auditorium,"San Francisco, CA","Smokestack Lightnin' > New Speedway Boogie, Dire Wolf, Mason's Children, China Cat Sunflower > I Know You Rider > Black Peter, Not Fade Away, Good Lovin' > Drums > The Other One > Cumberland Blues",Grateful Dead
12/26/1969,McFarlin Auditorium,"Dallas, TX","Monkey And The Engineer, Little Sadie, Long Black Limousine, I've Been All Around This World, Gathering Flowers For The Master's Bouquet, Black Peter, Uncle John's Band, Casey Jones, Hard To Handle, Cold Rain And Snow, China Cat Sunflower > Jam > I Know You Rider > High Time, Me And My Uncle, Dark Star, New Speedway Boogie, Turn On Your Lovelight",Grateful Dead
12/27/1969,International Speedway,"Hollywood, FL","Black Peter, Me And My Uncle, China Cat Sunflower, I Know You Rider, High Time, Cumberland Blues, Good Lovin', Cold Rain And Snow, Hard To Handle, Mason's Children, Turn On Your Lovelight",Grateful Dead
12/28/1969,Boston Tea Party,"Boston, MA","Set 1: Cold Rain And Snow, Mama Tried, Black Peter, Easy Wind, Me And My Uncle, China Cat Sunflower, I Know You Rider, High Time, Hard To Handle, Mason's Children; Set 2: Cumberland Blues, Casey Jones, Good Lovin', Dancing In The Street, Dire Wolf, Saint Stephen, Not Fade Away",Grateful Dead
12/29/1969,Boston Tea Party,"Boston, MA","Set 1: Good Lovin', Mama Tried, New Speedway Boogie, Casey Jones, Black Peter, Me And My Uncle, In The Midnight Hour, Cumberland Blues, Cryptical Envelopment, Drums, The Other One, Cryptical Envelopment, Cosmic Charlie; Set 2: Uncle John's Band, Mason's Children, China Cat Sunflower, I Know You Rider, Dark Star, Alligator, Drums, The Eleven, Alligator, Feedback, And We Bid You Good Night",Grateful Dead
12/30/1969,Boston Tea Party,"Boston, MA","China Cat Sunflower, I Know You Rider, Mama Tried, Next Time You See Me, Cold Rain And Snow, Black Peter, Hard To Handle, Me And My Uncle, Mason's Children, Dire Wolf, Uncle John's Band, Alligator, Drums, Good Lovin', The Eleven, High Time, Cumberland Blues, Big Boy Pete, Not Fade Away, Seasons Of My Heart, The Race Is On, Silver Threads And Golden Needle, Ol' Slewfoot, Dancing In The Street",Grateful Dead
12/31/1969,Boston Tea Party,"Boston, MA","Set 1: China Cat Sunflower > Jam > I Know You Rider, Mama Tried, Next Time You See Me, Cold Rain And Snow, Black Peter, Hard To Handle, Me And My Uncle, Mason's Children, Dire Wolf, Uncle John's Band; Set 2: Alligator > Drums > Alligator > Jam > And We Bid You Good Night Jam > Alligator > Caution (Do Not Stop On Tracks) > Feedback > Good Lovin' > Drums > The Eleven, High Time, Cumberland Blues, Big Boy Pete, Not Fade Away, Seasons Of My Heart, The Race Is On, Silver Threads And Golden Needle, Ol' Slewfoot, Dancing In The Street",Grateful Dead
