Date,Venue Name,Venue Location,Set List,Performers
03/23/1975,Kezar Stadium,"San Francisco, CA",Set 1: Blues For Allah > Stronger Than Dirt Or Milkin' The Turkey > Drums > Stronger Than Dirt Or Milkin' The Turkey > Blues For Allah >; Set 2: Johnny B. Goode,Grateful Dead
06/17/1975,Winterland Arena,"San Francisco, CA","Set 1: Crazy Fingers, Beat It On Down The Line, Deal, Big River, Peggy O, Me And My Uncle, Help On The Way, Slipknot!, Franklin's Tower; Set 2: Blues For Allah > Drums > Stronger Than Dirt Or Milkin' The Turkey > Blues For Allah, Sugar Magnolia; Set 3: U.S. Blues",Grateful Dead
08/13/1975,Great American Music Hall,"San Francisco, CA","Set 1: Help On The Way > Slipknot! > Franklin's Tower, The Music Never Stopped, It Must Have Been The Roses, Eyes Of The World > Drums > Stronger Than Dirt Or Milkin' The Turkey; Set 2: Around And Around, Sugaree, Big River, Crazy Fingers > Drums > The Other One, Sage And Spirit > Goin' Down The Road Feeling Bad, U.S. Blues, Blues For Allah",Grateful Dead
09/28/1975,Lindley Meadows,"San Francisco, CA","Help On The Way > Slipknot!, The Music Never Stopped, They Love Each Other, Beat It On Down The Line, Franklin's Tower, Big River, It Must Have Been The Roses, Truckin' > The Eleven > Drums > Stronger Than Dirt Or Milkin' The Turkey > Not Fade Away > Goin' Down The Road Feeling Bad > One More Saturday Night",Grateful Dead
