Title,Author
(Baby) Hully Gully,Grateful Dead
(I Can't Get No) Satisfaction,Grateful Dead
(I'm A) Road Runner,Grateful Dead
(Put Another Nickel In) Music! Music! Music!,Grateful Dead
A Day In The Life,Grateful Dead
A Love Supreme,Grateful Dead
A Voice From On High,Grateful Dead
Ain't That Peculiar,Grateful Dead
Alabama Bound,Grateful Dead
Alabama Getaway,"Music: Jerry Garcia, Lyrics: Robert Hunter"
Alice D. Millionaire,Grateful Dead
All Along The Watchtower,Bob Dylan
All I Have To Do Is Dream,Grateful Dead
All I Really Want To Do,Grateful Dead
All Of My Love,Grateful Dead
Alligator,"Music: Jerry Garcia, Lyrics: Robert Hunter"
Althea,"Music: Jerry Garcia, Lyrics: Robert Hunter"
And,Grateful Dead
And We Bid You Good Night,Grateful Dead
Antwerp's Placebo (The Plumber),Grateful Dead
Apollo At The Ritz,Grateful Dead
Are You Lonely For Me Baby?,Grateful Dead
Arizona Lightning,"Music: Jerry Garcia, Lyrics: Robert Hunter"
Around And Around,Chuck Berry
Attics Of My Life,"Music: Jerry Garcia, Lyrics: Robert Hunter"
Baba O'Riley,Pete Townshend (The Who)
Baby What You Want Me To Do,Grateful Dead
Bad Moon Rising,John Fogerty (Creedence Clearwater Revival)
Ballad Of A Thin Man,Bob Dylan
Ballad Of Casey Jones,Grateful Dead
Ballad Of Ira Hayes,Grateful Dead
Banana Boat Song (Day-O),Grateful Dead
Banks Of The Ohio,Grateful Dead
Barbara Allen,Grateful Dead
Barbed Wire Whipping Party,Grateful Dead
Beat It On Down The Line,Jesse Fuller
Beer Barrel Polka,Grateful Dead
Believe It Or Not,"Music: Jerry Garcia, Lyrics: Robert Hunter"
Bertha,"Music: Jerry Garcia, Lyrics: Robert Hunter"
Betty And Dupree,Grateful Dead
Big Boss Man,"Luther Dixon, Al Smith"
Big Boy Pete,"Don Harris, Dewey Terry"
Big Breasa,Grateful Dead
Big Railroad Blues,Grateful Dead
Big River,Johnny Cash
Bird Song,"Music: Jerry Garcia, Lyrics: Robert Hunter"
Black Muddy River,"Music: Jerry Garcia, Lyrics: Robert Hunter"
Black Peter,"Music: Jerry Garcia, Lyrics: Robert Hunter"
Black Queen,Grateful Dead
Black Throated Wind,"Music: Bob Weir, Lyrics: John Perry Barlow"
Blackbird,Lennon-McCartney (The Beatles)
Blow Away,"Music: Bob Weir, Lyrics: John Perry Barlow"
Blue Moon,Grateful Dead
Blue Suede Shoes,Grateful Dead
Blues For Allah,"Music: Jerry Garcia, Lyrics: Robert Hunter"
Blues Stay Away From Me,Grateful Dead
Bo Diddley,Grateful Dead
Bob Star,Grateful Dead
Born Cross-Eyed,Grateful Dead
Born On The Bayou,John Fogerty (Creedence Clearwater Revival)
Box Of Rain,"Music: Jerry Garcia, Lyrics: Robert Hunter"
Boy In The Bubble,Grateful Dead
Bring Me My Shotgun,Grateful Dead
Brokedown Palace,"Music: Jerry Garcia, Lyrics: Robert Hunter"
Broken Arrow,Grateful Dead
Brown Eyed Women,"Music: Jerry Garcia, Lyrics: Robert Hunter"
Built To Last,"Music: Jerry Garcia, Lyrics: Robert Hunter"
Bye Bye Love,Grateful Dead
C C Rider,Grateful Dead
California Earthquake (Whole Lotta Shakin' Goin' On),Grateful Dead
Can She Type?,Grateful Dead
Can't Come Down,Grateful Dead
Candyman,"Music: Jerry Garcia, Lyrics: Robert Hunter"
Cardboard Cowboy (The Monster),Grateful Dead
Casey Jones (Grateful Dead song),Grateful Dead
Casey Jones (Traditional song),Grateful Dead
Cassidy,"Music: Bob Weir, Lyrics: John Perry Barlow"
Catfish John,Grateful Dead
Cathy's Clown,Grateful Dead
Caution (Do Not Stop On Tracks),Grateful Dead
Checkin' Up On My Baby,Grateful Dead
Chevrolet,Grateful Dead
Childhood's End,Grateful Dead
Children Of The Eighties,Grateful Dead
Children's Zoo,Grateful Dead
Chimes Of Freedom,Grateful Dead
China Cat Sunflower,"Music: Jerry Garcia, Lyrics: Robert Hunter"
China Doll,"Music: Jerry Garcia, Lyrics: Robert Hunter"
Chinatown Shuffle,Grateful Dead
Chinese Bones,Grateful Dead
Clementine,"Music: Jerry Garcia, Lyrics: Robert Hunter"
Cold Jordan,Grateful Dead
Cold Rain And Snow,Traditional
Come Back Baby,Grateful Dead
Comes A Time,"Music: Jerry Garcia, Lyrics: Robert Hunter"
Corrina,"Music: Jerry Garcia, Lyrics: Robert Hunter"
Cosmic Charlie,"Music: Jerry Garcia, Lyrics: Robert Hunter"
Country Gardens (aka In An English Country Garden),Grateful Dead
Cowboy Song,Grateful Dead
Crazy Fingers,"Music: Jerry Garcia, Lyrics: Robert Hunter"
Cream Puff War,Grateful Dead
Crowd Sculpture,Grateful Dead
Cryptical Envelopment,Grateful Dead
Cumberland Blues,"Music: Jerry Garcia, Lyrics: Robert Hunter"
Dancing In The Street,"Marvin Gaye, William Stevenson, Ivy Jo Hunter"
Dark Hollow,Traditional
Dark Star,"Music: Jerry Garcia, Lyrics: Robert Hunter"
Darling Corey,Grateful Dead
Day Tripper,Lennon-McCartney (The Beatles)
Days Between,"Music: Jerry Garcia, Lyrics: Robert Hunter"
Dead Air,Grateful Dead
"Dead Man, Dead Man",Grateful Dead
Deal,"Music: Jerry Garcia, Lyrics: Robert Hunter"
Dear Mr. Fantasy,"Steve Winwood, Jim Capaldi, Chris Wood (Traffic)"
Death Don't Have No Mercy,Reverend Gary Davis
Death Letter Blues,Grateful Dead
Deep Elem Blues,Traditional
Desolation Row,Bob Dylan
Devil With The Blue Dress On,Stevenson-Long
Dire Wolf,"Music: Jerry Garcia, Lyrics: Robert Hunter"
Distorto,Grateful Dead
Dixie,Grateful Dead
Do You Believe In Magic?,Grateful Dead
Do You Wanna Dance?,Grateful Dead
Doin' That Rag,"Music: Jerry Garcia, Lyrics: Robert Hunter"
Don't Blame My Mother,Grateful Dead
Don't Ease Me In,Grateful Dead
Don't Keep Me Waiting Too Long (see Go Ahead Baby),Grateful Dead
Don't Mess Up A Good Thing,Grateful Dead
Don't Need Love,Grateful Dead
"Don't Think Twice, It's Alright",Grateful Dead
Down In The Bottom,Grateful Dead
Down So Long,Grateful Dead
Drink Up And Go Home,Grateful Dead
Drummers Chant,Grateful Dead
Drums,Grateful Dead
Drums With Brent,Grateful Dead
Dupree's Diamond Blues,"Music: Jerry Garcia, Lyrics: Robert Hunter"
Early Morning Rain,Grateful Dead
Easy Answers,"Music: Jerry Garcia, Lyrics: Robert Hunter"
Easy To Love You,"Music: Bob Weir, Lyrics: John Perry Barlow"
Easy Wind,"Music: Jerry Garcia, Lyrics: Robert Hunter"
Eighteen Children,Grateful Dead
El Paso,Marty Robbins
Empty Heart,Grateful Dead
Empty Pages,Grateful Dead
Epilogue,Grateful Dead
Equinox,Grateful Dead
Estimated Prophet,"Music: Bob Weir, Lyrics: John Perry Barlow"
Eternity,Grateful Dead
Everytime You Go Away,Grateful Dead
Eyes Of The World,"Music: Jerry Garcia, Lyrics: Robert Hunter"
Far From Me,Grateful Dead
Fearless Groove,Grateful Dead
Feedback,Grateful Dead
Feel Like A Stranger,"Music: Bob Weir, Lyrics: John Perry Barlow"
Fever,Grateful Dead
Fire In The City,Grateful Dead
Fire On The Mountain,"Music: Jerry Garcia, Lyrics: Robert Hunter"
Flibberty Jib,Grateful Dead
Folsom Prison Blues,Grateful Dead
Foolish Heart,"Music: Jerry Garcia, Lyrics: Robert Hunter"
Footprints,Grateful Dead
Forever Young,Bob Dylan
France,"Music: Jerry Garcia, Lyrics: Robert Hunter"
Franklin's Tower,"Music: Jerry Garcia, Lyrics: Robert Hunter"
Friend Of The Devil,"Music: Jerry Garcia, Lyrics: Robert Hunter"
From The Heart Of Me,Grateful Dead
Funiculi Funicula,Grateful Dead
Games People Play,Grateful Dead
Gangster Of Love,Grateful Dead
Gathering Flowers For The Master's Bouquet,Grateful Dead
Gentlemen Start Your Engines,Grateful Dead
Get Back,Grateful Dead
Gimme Some Lovin',Grateful Dead
Gloria,Grateful Dead
Go Ahead Baby,Grateful Dead
Goin' Down The Road Feeling Bad,Grateful Dead
Gonna Change My Way Of Thinking,Grateful Dead
Good Day Sunshine,Grateful Dead
Good Golly Miss Molly,Grateful Dead
Good Lovin',"Rudy Clark, Artie Resnick"
Good Morning Little Schoolgirl,Sonny Boy Williamson
Good Times (aka Let The Good Times Roll),Grateful Dead
Goodnight Irene,Grateful Dead
Got My Mojo Workin,Grateful Dead
Gotta Serve Somebody,Grateful Dead
Greatest Story Ever Told,"Music: Jerry Garcia, Lyrics: Robert Hunter"
Green Green Grass Of Home,Grateful Dead
Green Onions,Grateful Dead
Green River,Grateful Dead
Groove #1,Grateful Dead
Groove #2,Grateful Dead
"Happy Birthday, Leonid Brezhnev",Grateful Dead
Hard To Handle,Grateful Dead
He Was A Friend Of Mine,Grateful Dead
He's Gone,"Music: Jerry Garcia, Lyrics: Robert Hunter"
Heads Up,Grateful Dead
Heart Of Mine,Grateful Dead
Heaven Help The Fool,"Music: Bob Weir, Lyrics: John Perry Barlow"
Hell In A Bucket,"Music: Bob Weir, Lyrics: John Perry Barlow"
Help Me Rhonda,Grateful Dead
Help On The Way,"Music: Jerry Garcia, Lyrics: Robert Hunter"
Here Comes Sunshine,"Music: Jerry Garcia, Lyrics: Robert Hunter"
Hey Bo Diddley,Bo Diddley
Hey Jude,Lennon-McCartney (The Beatles)
Hey Little One,Grateful Dead
Hey Pocky Way,Grateful Dead
Hi-Heel Sneakers,Grateful Dead
Hide Away,Grateful Dead
High Time,"Music: Jerry Garcia, Lyrics: Robert Hunter"
Highway 61 Revisited,Grateful Dead
Hollywood Cantata,"Music: Jerry Garcia, Lyrics: Robert Hunter"
Home|Index|SearchIntroduction|What's New|Thanks|Links,Grateful Dead
Hoochie Coochie Man,Grateful Dead
How Long Blues,Grateful Dead
How Sweet It Is (To Be Loved By You),Grateful Dead
Hully Gully,Grateful Dead
I Ain't Superstitous,Grateful Dead
I Fought The Law,Grateful Dead
I Got A Mind To Give Up Livin',Grateful Dead
I Hear A Voice Calling,Grateful Dead
I Heard It Through The Grapevine,Grateful Dead
I Just Want To Make Love To You,Grateful Dead
I Know It's A Sin,Grateful Dead
I Know You Rider,Traditional
I Need A Miracle,"Music: Bob Weir, Lyrics: John Perry Barlow"
I Of Newton,Grateful Dead
I Second That Emotion,Grateful Dead
I Want To Tell You,Grateful Dead
I Want You,Grateful Dead
I Washed My Hands In Muddy Water,Grateful Dead
I Will Take You Home,"Music: Bob Weir, Lyrics: John Perry Barlow"
I'll Be Your Baby Tonight,Grateful Dead
I'll Go Crazy,Grateful Dead
I'm A Hog For You,Grateful Dead
I'm A King Bee,Grateful Dead
I'm A Man (1),Grateful Dead
I'm A Man (2),Grateful Dead
I'm Free,Grateful Dead
I'm So Lonesome I Could Cry,Grateful Dead
I've Been All Around This World,Grateful Dead
I've Got A Tiger By The Tail,Grateful Dead
I've Just Seen A Face,Grateful Dead
I've Seen Them All,Grateful Dead
If I Had The World To Give,"Music: Jerry Garcia, Lyrics: Robert Hunter"
If Not For You,Grateful Dead
If The Shoe Fits,Grateful Dead
Iko Iko,Grateful Dead
In The Midnight Hour,"Wilson Pickett, Steve Cropper"
In The Pines,Grateful Dead
In The Summertime,Grateful Dead
Infrared Roses,Grateful Dead
Into The Mystic,Grateful Dead
It Hurts Me Too,Grateful Dead
It Must Have Been The Roses,"Music: Jerry Garcia, Lyrics: Robert Hunter"
"It Takes A Lot To Laugh, It Takes A Train To Cry",Grateful Dead
"It's A Man's, Man's, Man's World",Grateful Dead
It's A Sin,Grateful Dead
It's All Over Now,"Bobby Womack, Shirley Womack"
"It's All Over Now, Baby Blue",Bob Dylan
It's All Too Much,Grateful Dead
It's My Own Fault,Grateful Dead
Jack Straw,"Music: Jerry Garcia, Lyrics: Robert Hunter"
Jack-A-Roe,Grateful Dead
Joey,Grateful Dead
John Brown,Grateful Dead
John Hardy,Grateful Dead
John's Other,Grateful Dead
Johnny B. Goode,Chuck Berry
Jordan,Grateful Dead
Just A Hand To Hold,Grateful Dead
Just A Little Light,"Music: Bob Weir, Lyrics: John Perry Barlow"
Just Kissed My Baby jam,Grateful Dead
Just Like Tom Thumb's Blues,Grateful Dead
KC Moan,Grateful Dead
Kansas City,"Jerry Leiber, Mike Stoller"
Katie Mae,Grateful Dead
Keep On Growing,Grateful Dead
Keep Rolling By,Grateful Dead
Keep Your Day Job,"Music: Jerry Garcia, Lyrics: Robert Hunter"
Kentucky Rye - Part 1,Grateful Dead
Kentucky Rye - Part 2,Grateful Dead
Kentucky Rye - Part 3,Grateful Dead
Knockin' On Heaven's Door,Grateful Dead
L'Alhambra,Grateful Dead
La Bamba,Traditional
Lady Di and I,Grateful Dead
Lazy Lightnin',"Music: Bob Weir, Lyrics: John Perry Barlow"
Lazy River Road,"Music: Jerry Garcia, Lyrics: Robert Hunter"
Let It Be Me,Grateful Dead
Let It Grow,"Music: Bob Weir, Lyrics: John Perry Barlow"
Let It Rock,Grateful Dead
Let Me In,Grateful Dead
Let Me Sing Your Blues Away,"Music: Jerry Garcia, Lyrics: Robert Hunter"
Liberty,"Music: Jerry Garcia, Lyrics: Robert Hunter"
Linda Lu,Grateful Dead
Little Nemo In Nightland,Grateful Dead
Little Red Rooster,Willie Dixon
Little Sadie,Grateful Dead
Little Star,Grateful Dead
Long Black Limousine,Grateful Dead
Long Tall Sally,Grateful Dead
Look On Yonder Wall,Grateful Dead
Looks Like Rain,"Music: Bob Weir, Lyrics: John Perry Barlow"
Loose Lucy,"Music: Jerry Garcia, Lyrics: Robert Hunter"
Loser,"Music: Jerry Garcia, Lyrics: Robert Hunter"
Lost Sailor,"Music: Bob Weir, Lyrics: John Perry Barlow"
Louie Louie,Grateful Dead
Love The One You're With,Grateful Dead
Lucifer's Eyes,Grateful Dead
Lucy In The Sky With Diamonds,Grateful Dead
Lunatic Preserve,Grateful Dead
Mack The Knife,Grateful Dead
Maggie's Farm,Grateful Dead
Magnesium Night Light,Grateful Dead
Mama Tried,Merle Haggard
Man Of Peace,Grateful Dead
Man Smart (Woman Smarter),Grateful Dead
Marriott USA,Grateful Dead
Mason's Children,"Music: Jerry Garcia, Lyrics: Robert Hunter"
"Matilda, Matilda",Grateful Dead
Maybe She's A Bluebird,"Music: Jerry Garcia, Lyrics: Robert Hunter"
Maybe You Know,Grateful Dead
Me And Bobby McGee,Grateful Dead
Me And My Uncle,John Phillips
Mexicali Blues,"Music: Bob Weir, Lyrics: John Perry Barlow"
Might As Well,"Music: Jerry Garcia, Lyrics: Robert Hunter"
Milkin' The Turkey,Grateful Dead
Mindbender (Confusion's Prince),Grateful Dead
Mission In The Rain,"Music: Jerry Garcia, Lyrics: Robert Hunter"
Mississippi Half-Step Uptown Toodeloo,"Music: Jerry Garcia, Lyrics: Robert Hunter"
Mona,Grateful Dead
Money Money,"Music: Bob Weir, Lyrics: John Perry Barlow"
Monkey And The Engineer,Grateful Dead
Morning Dew,"Bonnie Dobson, Tim Rose"
Mountains Of The Moon,"Music: Jerry Garcia, Lyrics: Robert Hunter"
Mr. Charlie,"Music: Jerry Garcia, Lyrics: Robert Hunter"
Mr. Tambourine Man,Grateful Dead
Music! Music! Music! (Put Another Nickel In),Grateful Dead
My Babe,Grateful Dead
My Baby Left Me,Grateful Dead
My Brother Esau,"Music: Bob Weir, Lyrics: John Perry Barlow"
My Old Kentucky Home,Grateful Dead
Mystery Train,Grateful Dead
"Neighbor, Neighbor",Grateful Dead
Neighbourhood Girls,Grateful Dead
Never Trust A Woman,Grateful Dead
New Minglewood Blues,Grateful Dead
New Orleans,Grateful Dead
New Potato Caboose,Grateful Dead
New Speedway Boogie,"Music: Jerry Garcia, Lyrics: Robert Hunter"
Next Time You See Me,Grateful Dead
Nobody's Fault But Mine,Grateful Dead
Not Fade Away,"Buddy Holly, Norman Petty"
Ode For Billie Dean,Grateful Dead
Oh Babe It Ain't No Lie,Grateful Dead
Oh Boy,Grateful Dead
Okie From Muskogee,Grateful Dead
Ol' Slewfoot,Grateful Dead
"Old, Old House",Grateful Dead
Ollin Arrageed,Grateful Dead
On The Road Again,Grateful Dead
One Kind Favor,Grateful Dead
One More Saturday Night,Grateful Dead
One Way Out,Grateful Dead
Only A Fool,Grateful Dead
Operator,Grateful Dead
Overseas Stomp (Lindbergh Hop),Grateful Dead
Pain In My Heart,Grateful Dead
Paperback Writer,Grateful Dead
Parallelogram,Grateful Dead
Parchman Farm,Grateful Dead
Passenger,Grateful Dead
Peanut Butter,Grateful Dead
Peggy Sue,Grateful Dead
Peggy-O,Traditional
Phil and Ned,Grateful Dead
Picasso Moon,"Music: Bob Weir, Lyrics: John Perry Barlow"
Pipeline,Grateful Dead
Playing In The Band,"Music: Jerry Garcia, Lyrics: Robert Hunter"
Pledging My Time,Grateful Dead
Pollution,Grateful Dead
Post-Modern Highrise Table Top Stomp,Grateful Dead
Prelude,Grateful Dead
Pride Of Cucamonga,Grateful Dead
Prisoner Blues,Grateful Dead
Proto 18 Proper,Grateful Dead
Proud Mary,Grateful Dead
Quadlibet For Tender Feet,Grateful Dead
Queen Jane Approximately,Grateful Dead
Railroading On The Great Divide,Grateful Dead
Rain,Grateful Dead
Rainy Day Women #12 And #35,Grateful Dead
Ramble On Rose,"Music: Jerry Garcia, Lyrics: Robert Hunter"
Reuben And Cerise,"Music: Jerry Garcia, Lyrics: Robert Hunter"
Revolution,Lennon-McCartney (The Beatles)
Revolutionary Hamstrung Blues,Grateful Dead
Rhythm Devils,Grateful Dead
Riot In Cell Block #9,Grateful Dead
Rip It Up,Grateful Dead
Ripple,"Music: Jerry Garcia, Lyrics: Robert Hunter"
"River Deep, Mountain High",Grateful Dead
River Of Nine Sorrows,Grateful Dead
Riverside Rhapsody,Grateful Dead
Roberta,Grateful Dead
Rockin' Pneumonia and The Boogie Woogie Flu,Grateful Dead
Roll In My Sweet Baby's Arms,Grateful Dead
Rollin' And Tumblin',Grateful Dead
Rosalie McFall,Grateful Dead
Rosemary,"Music: Jerry Garcia, Lyrics: Robert Hunter"
Row Jimmy,"Music: Jerry Garcia, Lyrics: Robert Hunter"
Run Rudolph Run,Grateful Dead
Sage And Spirit,Grateful Dead
Saint Of Circumstance,"Music: Bob Weir, Lyrics: John Perry Barlow"
Saint Stephen,"Music: Jerry Garcia, Lyrics: Robert Hunter"
Salt Lake City,"Music: Bob Weir, Lyrics: John Perry Barlow"
Samba In The Rain,Grateful Dead
Samson And Delilah,Grateful Dead
Sand Castles And Glass Camels,Grateful Dead
Sawmill,Grateful Dead
Say Boss Man,Grateful Dead
Scarlet Begonias,"Music: Jerry Garcia, Lyrics: Robert Hunter"
Searchin',"Jerry Leiber, Mike Stoller"
Seasons Of My Heart,Grateful Dead
Seastones (aka Phil & Ned),Grateful Dead
Senor (Tales Of Yankee Power),Grateful Dead
Serengetti,Grateful Dead
Sgt. Pepper's Band,Grateful Dead
Shakedown Street,"Music: Jerry Garcia, Lyrics: Robert Hunter"
She Belongs To Me,Grateful Dead
She's Mine,Grateful Dead
Shelter From The Storm,Grateful Dead
Ship Of Fools,"Music: Jerry Garcia, Lyrics: Robert Hunter"
Sick And Tired,Grateful Dead
Sidewalks Of New York,Grateful Dead
Silver Apples Of The Moon,Grateful Dead
Silver Threads And Golden Needle,Grateful Dead
Simple Twist Of Fate,Grateful Dead
Sing Me Back Home,Merle Haggard
Sittin' On Top Of The World,Traditional
Sleigh Ride,Grateful Dead
Slipknot!,Grateful Dead
Slow Blues,Grateful Dead
Slow Train,Grateful Dead
Smokestack Lightnin',Grateful Dead
So Many Roads,"Music: Jerry Garcia, Lyrics: Robert Hunter"
So Sad (To Watch Good Love Go Bad),Grateful Dead
Space,"Music: Jerry Garcia, Lyrics: Robert Hunter"
Sparrow Hawk Row,Grateful Dead
Speaking In Swords,Grateful Dead
Spoonful,Grateful Dead
Stagger Lee,"Music: Jerry Garcia, Lyrics: Robert Hunter"
Stander On The Mountain,Grateful Dead
Standing On The Corner,Grateful Dead
Standing On The Moon,"Music: Jerry Garcia, Lyrics: Robert Hunter"
Start Me Up,Grateful Dead
Stayin' Alive jam,Grateful Dead
Stealin',Grateful Dead
Stella Blue,"Music: Jerry Garcia, Lyrics: Robert Hunter"
Stir It Up,Grateful Dead
Stronger Than Dirt,Grateful Dead
Stuck Inside Of Mobile With The Memphis Blues Again,Grateful Dead
Sugar Magnolia,"Music: Jerry Garcia, Lyrics: Robert Hunter"
Sugar Shack,Grateful Dead
Sugaree,"Music: Jerry Garcia, Lyrics: Robert Hunter"
Suite From 'Nightcrawlers',Grateful Dead
Suite From 'The Misfortune Cookie',Grateful Dead
Suite From 'The Shadow Man',Grateful Dead
Sunrise,Grateful Dead
Sunshine Daydream,"Music: Jerry Garcia, Lyrics: Robert Hunter"
Supplication,"Music: Bob Weir, Lyrics: John Perry Barlow"
Sweet Betsy From Pike,Grateful Dead
Swing Low Sweet Chariot,Grateful Dead
Take It All Off,Grateful Dead
Take Me To The River,Grateful Dead
Tangled Up In Blue,Grateful Dead
Tastebud,Grateful Dead
Tell It To Me,Grateful Dead
Tell Mama,Grateful Dead
Tennessee Jed,"Music: Jerry Garcia, Lyrics: Robert Hunter"
Terrapin Station,Grateful Dead
Terrapin Station Suite,Grateful Dead
That Would Be Something,Grateful Dead
That'll Be The Day,Grateful Dead
That's All Right,Grateful Dead
"That's All Right, Mama",Grateful Dead
That's It For The Other One,Grateful Dead
The Ascent,Grateful Dead
The Ballad Of Frankie Lee And Judas Priest,Grateful Dead
The Boxer,Paul Simon
The Eleven,"Music: Jerry Garcia, Lyrics: Robert Hunter"
"The Faster We Go, The Rounder We Get",Grateful Dead
The Flood,Grateful Dead
The French Girl,Grateful Dead
The Frozen Logger,Grateful Dead
The Girl From Ipanema,Grateful Dead
The Golden Road (To Unlimited Devotion),Grateful Dead
The Island,Grateful Dead
The Last Time,Grateful Dead
The Main Ten (Playing In The Band),Grateful Dead
The Merry-Go-Round Broke Down,Grateful Dead
The Mighty Flood,Grateful Dead
The Mighty Quinn (Quinn The Eskimo),Grateful Dead
The Monster,Grateful Dead
The Music Never Stopped,"Music: Bob Weir, Lyrics: John Perry Barlow"
The Only Time Is Now,Grateful Dead
The Other One,Grateful Dead
The Promised Land,Grateful Dead
The Race Is On,Grateful Dead
The Rub,Grateful Dead
The Same Thing,Grateful Dead
The Seven,Grateful Dead
The Star-Spangled Banner,Grateful Dead
The Stranger (Two Souls In Communion),Grateful Dead
The Things I Used To Do,Grateful Dead
The Times They Are A-Changin',Grateful Dead
The Twilight Zone '85 End Credits,Grateful Dead
The Twilight Zone '85 Main Title,Grateful Dead
The Weight,Grateful Dead
The Wheel,"Music: Jerry Garcia, Lyrics: Robert Hunter"
The Wicked Messenger,Grateful Dead
There's Something On Your Mind,Grateful Dead
They Killed Him,Grateful Dead
They Love Each Other,"Music: Jerry Garcia, Lyrics: Robert Hunter"
Thirty Days,Grateful Dead
This Time Forever,Grateful Dead
Throwing Stones,"Music: Bob Weir, Lyrics: John Perry Barlow"
Till The Morning Comes,"Music: Jerry Garcia, Lyrics: Robert Hunter"
To Lay Me Down,"Music: Jerry Garcia, Lyrics: Robert Hunter"
Tom Dooley,Grateful Dead
Tomorrow Is A Long Time,Grateful Dead
Tomorrow Is Forever,Grateful Dead
Tomorrow Never Knows,Lennon-McCartney (The Beatles)
Tons Of Steel,Grateful Dead
Topsy,Grateful Dead
Touch Of Grey,"Music: Jerry Garcia, Lyrics: Robert Hunter"
Tough Mama,Grateful Dead
Truckin',"Music: Jerry Garcia, Lyrics: Robert Hunter"
Tubular Bells jam,Grateful Dead
Tupelo Blues,Grateful Dead
Turn On Your Lovelight,Grateful Dead
Twist And Shout,Grateful Dead
Two Souls In Communion,Grateful Dead
Two Trains Running,Grateful Dead
U.S. Blues,"Music: Jerry Garcia, Lyrics: Robert Hunter"
Unbroken Chain,Grateful Dead
Uncle John's Band,"Music: Jerry Garcia, Lyrics: Robert Hunter"
Uncle Sam Blues,Grateful Dead
Under Your Spell,Grateful Dead
Union Sundown,Grateful Dead
Unusual Occurences In The Desert,"Music: Jerry Garcia, Lyrics: Robert Hunter"
Valley Road,Grateful Dead
Victim Or The Crime,Grateful Dead
Viola Lee Blues,Grateful Dead
Visions Of Johanna,Grateful Dead
Wabash Cannonball,Grateful Dead
Wake Up Little Susie,Grateful Dead
Walk Down The Street,Grateful Dead
Walkin' Blues,Grateful Dead
Walkin' Down The Line,Grateful Dead
Walking The Dog,Rufus Thomas
Wandering Man,Grateful Dead
Wang Dang Doodle,Willie Dixon
Warriors Of The Sun,Grateful Dead
Watching The River Flow,Grateful Dead
Watching The Wheels,Grateful Dead
Wave That Flag,"Music: Jerry Garcia, Lyrics: Robert Hunter"
Wave To The Wind,"Music: Jerry Garcia, Lyrics: Robert Hunter"
Way To Go Home,"Music: Jerry Garcia, Lyrics: Robert Hunter"
We Bid You Good Night,Grateful Dead
We Can Run,"Music: Bob Weir, Lyrics: John Perry Barlow"
We Leave The Castle,Grateful Dead
Weather Report Suite Part 1,Grateful Dead
Weather Report Suite Prelude,Grateful Dead
Weirdness,Grateful Dead
Werewolves Of London,Grateful Dead
West L.A. Fadeaway,"Music: Jerry Garcia, Lyrics: Robert Hunter"
Wharf Rat,"Music: Jerry Garcia, Lyrics: Robert Hunter"
What'll You Raise,"Music: Jerry Garcia, Lyrics: Robert Hunter"
What's Become Of The Baby,"Music: Jerry Garcia, Lyrics: Robert Hunter"
What's Going On?,Grateful Dead
When A Man Loves A Woman,"Music: Jerry Garcia, Lyrics: Robert Hunter"
When I Paint My Masterpiece,Grateful Dead
When Push Comes To Shove,"Music: Jerry Garcia, Lyrics: Robert Hunter"
Whiskey In The Jar,Grateful Dead
White Rabbit Tease,Grateful Dead
Who Do You Love,Grateful Dead
Who's Lovin' You,Grateful Dead
Why Don't We Do It In The Road,Grateful Dead
Will The Circle Be Unbroken,Grateful Dead
Willie And The Hand Jive,Grateful Dead
Winin' Boy Blues,Grateful Dead
Workin' Man Blues,Grateful Dead
Wow Wow Hey Hey,Grateful Dead
Yellow Dog Story,Grateful Dead
You Ain't Woman Enough (To Take My Man),Grateful Dead
You Don't Have To Ask,Grateful Dead
You Don't Love Me,Grateful Dead
You Know I Love You So (aka Wow Wow Hey Hey),Grateful Dead
You See A Broken Heart,Grateful Dead
You Win Again,Grateful Dead
Young Blood,Grateful Dead
Your Love At Home,Grateful Dead
